t,n,ji,jv,jw,f,fsp,perr,fr,busy,d,dmm,rpm,erpm,mi,ii,iv,rsp,lp,pmp,md,vok,flg,jir,jvr,dr,rt
2160070,19615,-0.016,0.0001,0,-9.06,-650,-4.27,-246762,0,1.887,18.315,0,0,0,0,12,0,0,0,0,1,0,49452,2,37475,0
2160180,19616,0.017,0.0001,0,-9.06,-650,-4.27,-246756,0,1.8871,18.316,0,0,0,0,12,0,0,0,0,1,0,49460,2,37476,0.11
2160290,19617,-0.032,0.0002,0,-9.06,-650,-4.27,-246753,0,1.8872,18.319,0,0,0,0,12,0,0,0,0,1,0,49448,3,37478,0.22
2160400,19618,0.008,0.0002,0,-9.05,-650,-4.27,-246739,0,1.8871,18.316,0,0,0,0,12,0,0,0,0,1,0,49458,3,37476,0.33
2160510,19619,0.004,0.0001,0,-9.03,-650,-4.27,-246727,0,1.8871,18.318,0,0,0,0,12,0,0,0,0,1,0,49457,2,37477,0.44
2160620,19620,-0.02,0.0001,0,-9,-650,-4.27,-246709,0,1.887,18.315,0,0,0,0,12,0,0,0,0,1,0,49451,2,37475,0.55
2160730,19621,0.012,0.0002,0,-9.02,-650,-4.27,-246730,0,1.8872,18.319,0,0,0,0,12,0,0,0,0,1,0,49459,3,37478,0.66
2160840,19622,0.041,0.0002,0,-9.05,-650,-4.27,-246754,0,1.8876,18.33,0,0,0,0,12,0,0,0,0,1,0,49466,3,37486,0.77
2160950,19623,-0.016,0.0001,0,-9.11,-650,-4.27,-246805,0,1.8873,18.322,0,0,0,0,12,0,0,0,0,1,0,49452,2,37480,0.88
2161060,19624,-0.04,0.0002,0,-9.15,-650,-4.27,-246818,0,1.8873,18.322,0,0,0,0,12,0,0,0,0,1,0,49446,3,37480,0.99
2161170,19625,-0.024,0.0001,0,-9.11,-650,-4.27,-246775,0,1.8869,18.31,0,0,0,0,12,0,0,0,0,1,0,49450,2,37472,1.1
2161280,19626,-0.088,0.0001,0,-9.04,-650,-4.27,-246723,0,1.8871,18.316,0,0,0,0,12,0,0,0,0,1,0,49434,2,37476,1.21
2161390,19627,-0.012,0.0001,0,-9.01,-650,-4.27,-246711,0,1.8869,18.312,0,0,0,0,12,0,0,0,0,1,0,49453,2,37473,1.32
2161500,19628,-0.044,0.0002,0,-9.1,-650,-4.27,-246801,0,1.8869,18.312,0,0,0,0,12,0,0,0,0,1,0,49445,3,37473,1.43
2161610,19629,-0.016,0.0001,0,-9.12,-650,-4.27,-246799,0,1.887,18.313,0,0,0,0,12,0,0,0,0,1,0,49452,2,37474,1.54
2161720,19630,-0.076,0.0001,0,-9.05,-650,-4.27,-246726,0,1.8873,18.322,0,0,0,0,12,0,0,0,0,1,0,49437,2,37480,1.65
2161830,19631,-0.052,0.0002,0,-9.04,-650,-4.27,-246732,0,1.887,18.315,0,0,0,0,12,0,0,0,0,1,0,49443,3,37475,1.76
2161940,19632,-0.096,0.0001,0,-9.11,-650,-4.27,-246802,0,1.8866,18.302,0,0,0,0,12,0,0,0,0,1,0,49432,2,37466,1.87
2162050,19633,0.021,0.0001,0,-9.08,-650,-4.27,-246758,0,1.887,18.315,0,0,0,0,12,0,0,0,0,1,0,49461,2,37475,1.98
2162160,19634,-0.04,0.0002,0,-9.03,-650,-4.27,-246715,0,1.8868,18.309,0,0,0,0,12,0,0,0,0,1,0,49446,3,37471,2.09
2162270,19635,-0.044,0.0001,0,-8.98,-650,-4.27,-246683,0,1.8871,18.316,0,0,0,0,12,0,0,0,0,1,0,49445,2,37476,2.2
2162380,19636,-0.068,0.0001,0,-9.01,-650,-4.27,-246725,0,1.887,18.315,0,0,0,0,12,0,0,0,0,1,0,49439,2,37475,2.31
2162490,19637,-0.02,0.0001,0,-9.08,-650,-4.27,-246788,0,1.8874,18.325,0,0,0,0,12,0,0,0,0,1,0,49451,2,37482,2.42
2162600,19638,0.017,0.0002,0,-9.1,-650,-4.27,-246784,0,1.8868,18.309,0,0,0,0,12,0,0,0,0,1,0,49460,3,37471,2.53
2162710,19639,-0.024,0.0002,0,-9.04,-650,-4.27,-246725,0,1.8869,18.31,0,0,0,0,12,0,0,0,0,1,0,49450,3,37472,2.64
2162820,19640,-0.084,0.0001,0,-9.06,-650,-4.27,-246760,0,1.8869,18.31,0,0,0,0,12,0,0,0,0,1,0,49435,2,37472,2.75
2162930,19641,0,0.0002,0,-9.02,-650,-4.27,-246710,0,1.8873,18.322,0,0,0,0,12,0,0,0,0,1,0,49456,3,37480,2.86
2163040,19642,-0.012,0.0001,0,-8.98,-650,-4.27,-246690,0,1.887,18.315,0,0,0,0,12,0,0,0,0,1,0,49453,2,37475,2.97
2163150,19643,-0.016,0.0001,0,-9,-650,-4.27,-246720,0,1.8869,18.31,0,0,0,0,12,0,0,0,0,1,0,49452,2,37472,3.08
2163260,19644,-0.092,0.0002,0,-8.98,-650,-4.27,-246698,0,1.8869,18.312,0,0,0,0,12,0,0,0,0,1,0,49433,3,37473,3.19
2163370,19645,-0.012,0.0002,0,-9.02,-650,-4.27,-246737,0,1.8873,18.322,0,0,0,0,12,0,0,0,0,1,0,49453,3,37480,3.3
2163480,19646,-0.004,0.0002,0,-9.05,-650,-4.27,-246758,0,1.8872,18.32,0,0,0,0,12,0,0,0,0,1,0,49455,3,37479,3.41
2163590,19647,0.049,0.0001,0,-9.07,-650,-4.27,-246765,0,1.8871,18.318,0,0,0,0,12,0,0,0,0,1,0,49468,2,37477,3.52
2163700,19648,-0.068,0.0001,0,-9.11,-650,-4.27,-246796,0,1.8862,18.292,0,0,0,0,12,0,0,0,0,1,0,49439,2,37459,3.63
2163810,19649,-0.008,0.0001,0,-9.08,-650,-4.27,-246757,0,1.8873,18.322,0,0,0,0,12,0,0,0,0,1,0,49454,2,37480,3.74
2163920,19650,-0.004,0.0002,0,-9.02,-650,-4.27,-246711,0,1.8872,18.32,0,0,0,0,12,0,0,0,0,1,0,49455,3,37479,3.85
2164030,19651,-0.008,0.0002,0,-9,-650,-4.27,-246704,0,1.8872,18.32,0,0,0,0,12,0,0,0,0,1,0,49454,3,37479,3.96
2164140,19652,-0.092,0.0001,0,-9.03,-650,-4.27,-246746,0,1.8867,18.306,0,0,0,0,12,0,0,0,0,1,0,49433,2,37469,4.07
2164250,19653,-0.036,0.0001,0,-9.09,-650,-4.27,-246789,0,1.8876,18.33,0,0,0,0,12,0,0,0,0,1,0,49447,2,37486,4.18
2164360,19654,0.029,0.0001,0,-9.1,-650,-4.27,-246776,0,1.8874,18.325,0,0,0,0,12,0,0,0,0,1,0,49463,2,37482,4.29
2164470,19655,-0.044,0.0001,0,-9.04,-650,-4.27,-246723,0,1.887,18.313,0,0,0,0,12,0,0,0,0,1,0,49445,2,37474,4.4
2164580,19656,-0.08,0.0002,0,-9,-650,-4.27,-246703,0,1.887,18.313,0,0,0,0,12,0,0,0,0,1,0,49436,4,37474,4.51
2164690,19657,-0.048,0.0001,0,-8.98,-650,-4.27,-246692,0,1.8868,18.309,0,0,0,0,12,0,0,0,0,1,0,49444,2,37471,4.62
2164800,19658,-0.02,0.0001,0,-9.07,-650,-4.27,-246782,0,1.8872,18.32,0,0,0,0,12,0,0,0,0,1,0,49451,2,37479,4.73
2164910,19659,-0.04,0.0002,0,-9.19,-650,-4.27,-246870,0,1.8871,18.316,0,0,0,0,12,0,0,0,0,1,0,49446,3,37476,4.84
2165020,19660,-0.044,0.0001,0,-9.13,-650,-4.27,-246782,0,1.8864,18.296,0,0,0,0,12,0,0,0,0,1,0,49445,2,37462,4.95
2165130,19661,-0.056,0.0002,0,-9.06,-650,-4.27,-246732,0,1.8872,18.32,0,0,0,0,12,-500,0,0,0,1,0,49442,3,37479,5.06
2165240,19662,0.089,0.0004,0,-9.08,-650,-4.27,-246775,0,1.8872,18.32,0,0,3.98,0.22,12,-500,0,0,0,1,0,49478,8,37479,5.17
2165350,19663,-0.04,0.0002,0,-9.08,-650,-4.27,-246762,0,1.8874,18.326,-125.9,-881,14.26,1.61,12,-500,0,0,0,1,0,49446,3,37483,5.28
2165460,19664,-0.068,0.0001,0,-9.12,-650,-4.27,-246805,0,1.887,18.315,-297.1,-2080,15.14,3.07,11.9,-500,0,0,0,1,0,49439,2,37475,5.39
2165570,19665,-0.004,0.0003,0,-9.13,-650,-4.27,-246796,0,1.887,18.315,-453,-3171,10.16,2.6,12,-500,0,0,0,1,0,49455,5,37475,5.5
2165680,19666,0.021,0.0002,0,-9.13,-650,-4.27,-246799,0,1.8879,18.337,-527,-3689,3.25,0.83,12,-500,0,0,0,1,0,49461,4,37491,5.61
2165790,19667,-0.012,0.0002,0,-9.02,-650,-4.27,-246691,0,1.8871,18.318,-544.9,-3814,0.96,0.23,12,-500,0,0,0,1,0,49453,4,37477,5.72
2165900,19668,-0.004,0.0002,0,-8.93,-650,-4.27,-246641,0,1.8871,18.316,-542.3,-3796,0.56,0.12,12,-500,0,0,0,1,0,49455,3,37476,5.83
2166010,19669,0,0.0001,0,-8.87,-650,-4.27,-246616,0,1.8872,18.319,-535.7,-3750,0.71,0.16,12,-500,0,0,0,1,0,49456,2,37478,5.94
2166120,19670,-0.016,0.0009,0,-8.76,-650,-4.27,-246526,0,1.8873,18.322,-529.4,-3706,0.88,0.2,12,-500,0,0,0,1,0,49452,17,37480,6.05
2166230,19671,-0.02,0.0001,0,-8.74,-650,-4.27,-246538,0,1.8874,18.326,-525.4,-3678,0.97,0.22,12,-500,0,0,0,1,0,49451,2,37483,6.16
2166340,19672,-0.016,0.0001,0,-8.83,-650,-4.27,-246628,0,1.8871,18.318,-522.1,-3655,1.03,0.23,12,-500,0,0,0,1,0,49452,2,37477,6.27
2166450,19673,0.025,0.0002,0,-8.93,-650,-4.27,-246694,0,1.8868,18.309,-519.3,-3635,1.06,0.24,12,-500,0,0,0,1,0,49462,4,37471,6.38
2166560,19674,-0.032,0.0003,0,-8.92,-650,-4.27,-246659,0,1.8872,18.32,-516.9,-3618,1.09,0.24,12,-500,0,0,0,1,0,49448,6,37479,6.49
2166670,19675,-0.036,0.0003,0,-8.86,-650,-4.27,-246607,0,1.887,18.315,-515.3,-3607,1.1,0.25,12,-500,0,0,0,1,0,49447,5,37475,6.6
2166780,19676,-0.012,0.0098,0,-8.82,-650,-4.27,-246583,0,1.8867,18.306,-513.1,-3592,1.12,0.25,12,-500,0,0,0,1,0,49453,195,37469,6.71
2166890,19677,0.004,0.0048,0,-8.82,-650,-4.27,-246596,0,1.8871,18.316,-511.6,-3581,1.13,0.25,12,-500,0,0,0,1,0,49457,96,37476,6.82
2167000,19678,-0.016,0.0059,0,-8.82,-650,-4.27,-246597,0,1.8872,18.319,-510,-3570,1.15,0.25,12,-500,0,0,0,1,0,49452,118,37478,6.93
2167110,19679,-0.004,0.0001,0,-8.77,-650,-4.27,-246549,0,1.8873,18.323,-508.9,-3562,1.16,0.26,12,-500,0,0,0,1,0,49455,2,37481,7.04
2167220,19680,0,0.0001,0,-8.78,-650,-4.27,-246577,0,1.8866,18.302,-507.6,-3553,1.17,0.26,12,-500,0,0,0,1,0,49456,2,37466,7.15
2167330,19681,-0.044,0.0001,0,-8.81,-650,-4.27,-246596,0,1.8872,18.319,-506.6,-3546,1.17,0.26,12,-500,0,0,0,1,0,49445,2,37478,7.26
2167440,19682,0.021,0.001,0,-8.8,-650,-4.27,-246583,0,1.8869,18.31,-505.6,-3539,1.19,0.26,12,-500,0,0,0,1,0,49461,20,37472,7.37
2167550,19683,-0.036,0.0001,0,-8.77,-650,-4.27,-246555,0,1.887,18.315,-505.3,-3537,1.2,0.26,12,-500,0,0,0,1,0,49447,2,37475,7.48
2167660,19684,0.012,0.0019,0,-8.83,-650,-4.27,-246615,0,1.8871,18.318,-504.7,-3533,1.2,0.26,12,-500,0,0,0,1,0,49459,37,37477,7.59
2167770,19685,0.053,0.001,0,-8.81,-650,-4.27,-246587,0,1.8876,18.33,-504.4,-3531,1.21,0.27,12,-500,0,969,0,1,0,49469,19,37486,7.7
2167880,19686,0.017,0.0011,0,-8.77,-650,-4.27,-246547,0,1.8868,18.309,-503.7,-3526,1.21,0.27,12,-500,0,969,0,1,0,49460,21,37471,7.81
2167990,19687,0,0.0015,0,-8.69,-650,-4.27,-246494,0,1.8877,18.333,-504.1,-3529,1.2,0.26,12,-500,0,969,0,1,0,49456,29,37488,7.92
2168100,19688,-0.1,0.0001,0,-8.73,-650,-4.27,-246544,0,1.8871,18.316,-504,-3528,1.17,0.26,12,-500,0,969,0,1,0,49431,2,37476,8.03
2168210,19689,-0.092,0.0017,0,-8.72,-650,-4.27,-246525,0,1.8873,18.322,-503.4,-3524,1.12,0.24,12,-500,0,969,0,1,0,49433,34,37480,8.14
2168320,19690,-0.08,0.0001,0,-8.75,-650,-4.27,-246560,0,1.8867,18.305,-503.6,-3525,1.09,0.24,12,-500,0,969,0,1,0,49436,2,37468,8.25
2168430,19691,-0.028,0.0009,0,-8.76,-650,-4.27,-246560,0,1.8871,18.318,-503.4,-3524,1.08,0.23,12,-500,0,969,0,1,0,49449,17,37477,8.36
2168540,19692,-0.02,0.0011,0,-8.73,-650,-4.27,-246532,0,1.887,18.313,-503,-3521,1.07,0.23,12,-500,0,969,0,1,0,49451,22,37474,8.47
2168650,19693,0.073,0.0001,0,-8.75,-650,-4.27,-246558,0,1.8876,18.33,-503.1,-3522,1.05,0.23,12,-500,0,969,0,1,0,49474,2,37486,8.58
2168760,19694,0.045,0.0074,0,-8.77,-650,-641.23,-246567,0,1.8871,18.318,-502.6,-3518,1.05,0.23,12,-500,-1023,969,1,1,16,49467,147,37477,8.69
2168870,19695,0.045,0.0001,0,-8.76,-650,-641.24,-246556,0,1.8813,18.153,-502.4,-3517,1.05,0.23,12,-500,-1023,969,1,1,16,49467,2,37361,8.8
2168980,19696,0,0.0018,0,-9.32,-650,-640.68,-247074,0,1.8702,17.84,-502.4,-3517,1.04,0.22,12,-500,-1023,969,1,1,16,49456,36,37141,8.91
2169090,19697,0.077,0.0001,0,-13.06,-650,-636.94,-250402,0,1.8608,17.575,-502.4,-3517,1.02,0.22,12,-500,-1023,969,1,1,16,49475,2,36954,9.02
2169200,19698,0.069,0.0001,0,-13.76,-650,-636.24,-250008,0,1.8493,17.25,-502.4,-3517,1.02,0.22,12,-500,-1023,969,1,1,16,49473,2,36725,9.13
2169310,19699,-0.04,0.0001,0,-13.79,-650,-636.21,-249843,0,1.8389,16.956,-502.6,-3518,1.01,0.22,12,-500,-1023,969,1,1,16,49446,2,36518,9.24
2169420,19700,-0.008,0.0001,0,-13.91,-650,-636.09,-249943,0,1.8287,16.67,-502,-3514,1.01,0.22,12,-500,-1023,969,1,1,16,49454,2,36317,9.35
2169530,19701,0.077,0.0003,0,-14.05,-650,-635.95,-250041,0,1.8184,16.379,-501.6,-3511,1,0.22,12,-500,-1023,969,1,1,16,49475,6,36112,9.46
2169640,19702,-0.048,0.0011,0,-14.24,-650,-635.76,-250180,0,1.8072,16.064,-501.4,-3510,1,0.21,12,-500,-1023,969,1,1,16,49444,21,35890,9.57
2169750,19703,-0.032,0.0005,0,-14.33,-650,-635.67,-250214,0,1.7956,15.735,-501.6,-3511,1,0.21,12,-500,-1023,969,1,1,16,49448,10,35658,9.68
2169860,19704,0.049,0.0002,0,-14.28,-650,-635.72,-250142,0,1.7855,15.452,-501.1,-3508,0.99,0.21,12,-500,-1023,969,1,1,16,49468,4,35459,9.79
2169970,19705,-0.012,0.0001,0,-14.22,-650,-635.78,-250097,0,1.7746,15.144,-500.9,-3506,0.99,0.21,12,-500,-1023,969,1,1,16,49453,2,35242,9.9
2170080,19706,0.025,0.0019,0,-14.2,-650,-635.8,-250096,0,1.7633,14.826,-501.1,-3508,1,0.21,12,-500,-1023,969,1,1,16,49462,38,35018,10.01
2170190,19707,-0.028,0.0001,0,-14.25,-650,-635.75,-250152,0,1.7534,14.546,-500.9,-3506,0.99,0.21,12,-500,-1023,969,1,1,16,49449,2,34821,10.12
2170300,19708,-0.04,0.0007,0,-14.34,-650,-635.66,-250220,0,1.7426,14.242,-501.3,-3509,0.98,0.21,12,-500,-1023,969,1,1,16,49446,13,34607,10.23
2170410,19709,0,0.0004,0,-14.27,-650,-635.73,-250130,0,1.7325,13.957,-501,-3507,0.98,0.21,12,-500,-1023,969,1,1,16,49456,7,34406,10.34
2170520,19710,-0.052,0.0066,0,-14.9,-650,-635.1,-250728,0,1.7231,13.693,-500.7,-3505,0.98,0.21,12,-500,-1023,969,1,1,16,49443,132,34220,10.45
2170630,19711,0.089,0.0003,0,-15.1,-650,-634.9,-250748,0,1.7112,13.356,-500.7,-3505,0.98,0.21,12,-500,-1023,969,1,1,16,49478,5,33983,10.56
2170740,19712,-0.048,0.0011,0,-15.24,-650,-634.76,-250814,0,1.6992,13.017,-500.7,-3505,0.98,0.21,12,-500,-1023,969,1,1,16,49444,21,33744,10.67
2170850,19713,0.069,0.0138,0.001,-15.62,-650,-634.38,-251129,0,1.6895,12.743,-500.6,-3504,0.98,0.21,12,-500,-1023,969,1,1,16,49473,274,33551,10.78
2170960,19714,-0.016,0.0011,0,-15.66,-650,-634.34,-251062,0,1.6787,12.439,-500.6,-3504,0.98,0.21,12,-500,-1023,969,1,1,16,49452,21,33337,10.89
2171070,19715,-0.004,0.0001,0,-16.11,-650,-633.89,-251469,0,1.6687,12.156,-500.1,-3501,0.98,0.21,12,-500,-1023,969,1,1,16,49455,2,33138,11
2171180,19716,0.017,0.0043,0,-16.41,-650,-633.59,-251628,0,1.6567,11.82,-500.6,-3504,0.98,0.21,12,-500,-1023,969,1,1,16,49460,85,32901,11.11
2171290,19717,0.097,0.0012,0,-17.18,-650,-632.82,-252259,0,1.6479,11.57,-500.1,-3501,0.97,0.2,12,-500,-1023,969,1,1,16,49480,24,32725,11.22
2171400,19718,-0.072,0.0001,0,-17.42,-650,-632.58,-252267,0,1.637,11.264,-500.4,-3503,0.97,0.21,12,-500,-1023,969,1,1,16,49438,2,32510,11.33
2171510,19719,-0.008,0.0007,0,-17.5,-650,-632.5,-252274,0,1.6264,10.963,-500.3,-3502,0.97,0.21,12,-500,-1023,969,1,1,16,49454,14,32298,11.44
2171620,19720,0.041,0.0084,0,-17.52,-650,-632.48,-252266,0,1.6166,10.688,-500.4,-3503,0.97,0.21,12,-500,-1023,969,1,1,16,49466,166,32104,11.55
2171730,19721,-0.012,0.0001,0,-18.47,-650,-631.53,-253152,0,1.6038,10.327,-500.9,-3506,0.97,0.21,12,-500,-1023,969,1,1,16,49453,2,31850,11.66
2171840,19722,0,0.0005,0,-18.7,-650,-631.3,-253095,0,1.5938,10.045,-500.3,-3502,0.98,0.21,12,-500,-1023,969,1,1,16,49456,9,31651,11.77
2171950,19723,-0.016,0.0051,0,-20.44,-650,-629.56,-254650,0,1.5807,9.677,-500.3,-3502,0.97,0.21,12,-500,-1023,969,1,1,16,49452,101,31392,11.88
2172060,19724,-0.008,0.0001,0,-22.28,-650,-627.72,-255885,0,1.5684,9.329,-500.3,-3502,0.95,0.2,12,-500,-1023,969,1,1,16,49454,2,31147,11.99
2172170,19725,-0.072,0.0007,0,-22.87,-650,-627.13,-255910,0,1.5602,9.099,-500.1,-3501,0.96,0.2,12,-500,-1023,969,1,1,16,49438,13,30985,12.1
2172280,19726,-0.028,0.0001,0,-21.83,-650,-628.17,-254781,0,1.5476,8.741,-500.1,-3501,0.96,0.2,12,-500,-1023,969,1,1,16,49449,2,30733,12.21
2172390,19727,-0.048,0.0002,0,-21.46,-650,-628.54,-254729,0,1.5375,8.458,-500,-3500,0.96,0.2,12,-500,-1023,969,1,1,16,49444,3,30534,12.32
2172500,19728,-0.052,0.012,-0.001,-20.96,-650,-629.04,-254367,0,1.5277,8.18,-500,-3500,0.96,0.2,12,-500,-1023,969,1,1,16,49443,238,30338,12.43
2172610,19729,0.041,0.0001,0,-20.69,-650,-629.31,-254255,0,1.5147,7.814,-500.1,-3501,0.95,0.2,12,-500,-1023,969,1,1,16,49466,2,30080,12.54
2172720,19730,-0.008,0.0018,0,-20.71,-650,-629.29,-254347,0,1.5058,7.564,-499.7,-3498,0.97,0.21,12,-500,-1023,969,1,1,16,49454,36,29904,12.65
2172830,19731,0.021,0.0026,0,-20.75,-650,-629.25,-254378,0,1.4935,7.216,-499.6,-3497,0.97,0.2,12,-500,-1023,969,1,1,16,49461,52,29659,12.76
2172940,19732,0,0.0012,0,-21.29,-650,-628.71,-254876,0,1.4845,6.963,-500.3,-3502,0.95,0.2,12,-500,-1023,969,1,1,16,49456,24,29481,12.87
2173050,19733,0.033,0.001,0,-21.46,-650,-628.54,-254879,0,1.4737,6.658,-500.1,-3501,0.95,0.2,12,-500,-1023,969,1,1,16,49464,19,29266,12.98
2173160,19734,-0.084,0.0001,0,-22.12,-650,-627.88,-255441,0,1.463,6.357,-500.4,-3503,0.96,0.2,12,-500,-1023,969,1,1,16,49435,2,29054,13.09
2173270,19735,-0.016,0.0005,0,-23.05,-650,-626.95,-256124,0,1.4522,6.053,-499.7,-3498,0.96,0.2,12,-500,-1023,969,1,1,16,49452,9,28840,13.2
2173380,19736,0.057,0.0001,0,-23.96,-650,-626.04,-256720,0,1.4439,5.819,-500.1,-3501,0.96,0.2,12,-500,-1023,969,1,1,16,49470,2,28675,13.31
2173490,19737,0.004,0.0001,0,-25.05,-650,-624.95,-257478,0,1.4354,5.579,-500.1,-3501,0.94,0.2,12,-500,-1023,969,1,1,16,49457,2,28506,13.42
2173600,19738,-0.04,0.0005,0,-27.95,-650,-622.05,-259871,0,1.4193,5.126,-500.1,-3501,0.95,0.2,12,-500,-1023,969,1,1,16,49446,10,28187,13.53
2173710,19739,0,0.0001,0,-29.97,-650,-620.03,-260936,0,1.4107,4.883,-499.9,-3499,0.95,0.2,12,-500,-1023,969,1,1,16,49456,2,28016,13.64
2173820,19740,0.033,0.0002,0,-27.98,-650,-622.02,-258525,0,1.4019,4.633,-500.1,-3501,0.94,0.2,12,-500,-1023,969,1,1,16,49464,3,27840,13.75
2173930,19741,0.057,0.0033,0,-28.23,-650,-621.77,-259309,0,1.3903,4.306,-500,-3500,0.95,0.2,12,-500,-1023,969,1,1,16,49470,65,27610,13.86
2174040,19742,-0.012,0.0009,0,-28.06,-650,-621.94,-259088,0,1.3817,4.065,-500.3,-3502,0.95,0.2,12,-500,-1023,969,1,1,16,49453,17,27440,13.97
2174150,19743,0,0.0013,0,-27.54,-650,-622.46,-258643,0,1.3734,3.829,-499.7,-3498,0.94,0.2,12,-500,-1023,969,1,1,16,49456,25,27274,14.08
2174260,19744,0.029,0.0034,0,-28.02,-650,-621.98,-259238,0,1.3663,3.629,-499.9,-3499,0.95,0.2,12,-500,-1023,969,1,1,16,49463,68,27133,14.19
2174370,19745,-0.04,0.0001,0,-33.93,-650,-616.07,-264603,0,1.3554,3.322,-500,-3500,0.95,0.2,12,-500,-1023,969,1,1,16,49446,2,26917,14.3
2174480,19746,-0.02,0.0033,0,-38.83,-650,-611.17,-267522,0,1.3412,2.923,-500.1,-3501,0.95,0.2,12,-500,-1023,969,1,1,16,49451,66,26636,14.41
2174590,19747,0.008,0.0007,0,-39.34,-650,-610.66,-266624,0,1.3312,2.639,-499.7,-3498,0.95,0.2,12,-500,-1023,969,1,1,16,49458,13,26436,14.52
2174700,19748,0,0.0001,0,-35.07,-650,-614.93,-262504,0,1.3213,2.361,-500.1,-3501,0.94,0.2,12,-500,-1023,969,1,1,16,49456,2,26240,14.63
2174810,19749,-0.036,0.0003,0,-33.79,-650,-616.21,-262504,0,1.3116,2.088,-499.9,-3499,0.94,0.2,12,-500,-1023,969,1,1,16,49447,6,26048,14.74
2174920,19750,-0.096,0.0001,0,-32.94,-650,-617.06,-262078,0,1.3012,1.793,-500,-3500,0.93,0.2,12,-500,-1023,969,1,1,16,49432,2,25840,14.85
2175030,19751,0.017,0.0032,0,-32.7,-650,-617.3,-262091,0,1.2913,1.516,-500.1,-3501,0.94,0.2,12,-500,-1023,969,1,1,16,49460,63,25645,14.96
2175140,19752,0.037,0.0014,0,-32.77,-650,-617.23,-262221,0,1.2817,1.245,-500.1,-3501,0.93,0.2,12,-500,-1023,969,1,1,16,49465,27,25454,15.07
2175250,19753,-0.036,0.0007,0,-34.57,-650,-615.43,-263878,0,1.269,0.886,-500.4,-3503,0.93,0.2,12,-500,-1023,969,1,1,16,49447,14,25201,15.18
2175360,19754,0.033,0.0011,0,-34.47,-650,-615.53,-263280,0,1.2608,0.655,-500.3,-3502,0.93,0.2,12,-500,-1023,969,1,1,16,49464,22,25039,15.29
2175470,19755,-0.016,0.0003,0,-34.73,-650,-615.27,-263550,0,1.2522,0.411,-500.3,-3502,0.93,0.2,12,-500,-1023,969,1,1,16,49452,6,24867,15.4
2175580,19756,0.012,0.0003,0,-37.17,-650,-612.83,-265745,0,1.2416,0.114,-500.1,-3501,0.93,0.2,12,-500,-1023,969,1,1,16,49459,6,24658,15.51
2175690,19757,0.012,0.0001,0,-40.56,-650,-609.44,-268227,0,1.231,-0.185,-499.9,-3499,0.94,0.2,12,-500,-1023,969,1,1,16,49459,2,24447,15.62
2175800,19758,0.041,0.0001,0,-42.5,-650,-607.5,-269078,0,1.2212,-0.463,-500.4,-3503,0.93,0.2,12,-500,-1023,969,1,1,16,49466,2,24251,15.73
2175910,19759,0.029,0.0004,0,-42.06,-650,-607.94,-268136,0,1.2114,-0.739,-500,-3500,0.93,0.2,12,-500,-1023,969,1,1,16,49463,7,24057,15.84
2176020,19760,-0.032,0.0024,0,-43.01,-650,-606.99,-269140,0,1.204,-0.948,-499.9,-3499,0.93,0.2,12,-500,-1023,969,1,1,16,49448,47,23910,15.95
2176130,19761,-0.024,0.0003,0,-45.03,-650,-604.97,-270753,0,1.1917,-1.293,-500.3,-3502,0.94,0.2,12,-500,-1023,969,1,1,16,49450,6,23667,16.06
2176240,19762,-0.1,0.0001,0,-47.01,-650,-602.99,-272032,0,1.1813,-1.588,-499.9,-3499,0.94,0.2,12,-500,-1023,969,1,1,16,49431,2,23459,16.17
2176350,19763,-0.012,0.0063,0,-48.41,-650,-601.59,-272786,0,1.1704,-1.893,-500,-3500,0.94,0.2,12,-500,-1023,969,1,1,16,49453,125,23244,16.28
2176460,19764,-0.052,0.0039,0,-49.41,-650,-600.59,-273321,0,1.1607,-2.167,-499.9,-3499,0.94,0.2,12,-500,-1023,969,1,1,16,49443,78,23051,16.39
2176570,19765,-1.128,0.1003,-0.113,-49.43,-650,-600.57,-273058,0,1.154,-2.358,-499,-3493,0.98,0.21,12,-500,-1023,969,1,1,16,49176,1991,22917,16.5
2176680,19766,-1.45,0.0565,-0.082,-51.13,-650,-598.87,-274640,0,1.1451,-2.608,-497.3,-3481,1.1,0.24,12,-500,-1023,969,1,1,16,49096,1122,22741,16.61
2176790,19767,-0.809,0.1054,-0.085,-66.83,-650,-583.17,-288776,0,1.1412,-2.718,-495.6,-3469,1.25,0.27,12,-500,-1023,969,1,1,16,49255,2094,22663,16.72
2176900,19768,-0.761,0.0853,-0.065,-81.79,-650,-568.21,-298321,0,1.1419,-2.697,-495.4,-3468,1.32,0.29,12,-500,-1023,969,1,1,16,49267,1693,22678,16.83
2177010,19769,-0.302,0.0364,-0.011,-94.79,-650,-555.21,-306236,0,1.1431,-2.664,-496.6,-3476,1.29,0.28,12,-500,-1023,969,1,1,16,49381,723,22701,16.94
2177120,19770,-2.67,0.2643,-0.706,-108,-650,-542,-314903,0,1.143,-2.667,-496.6,-3476,1.28,0.28,12,-500,-1023,969,1,1,16,48793,5248,22699,17.05
2177230,19771,-0.008,0.2115,-0.002,-120.86,-650,-529.14,-323193,0,1.142,-2.694,-496.4,-3475,1.31,0.29,12,-500,-1023,969,1,1,16,49454,4201,22680,17.16
2177340,19772,-1.639,0.2239,-0.367,-145.94,-650,-504.06,-342943,0,1.1441,-2.636,-496.7,-3477,1.32,0.29,12,-500,-1023,969,1,1,16,49049,4447,22721,17.27
2177450,19773,-3.105,0.3578,-1.111,-166.07,-650,-483.93,-354674,0,1.1418,-2.701,-496,-3472,1.4,0.31,12,-500,-1023,969,1,1,16,48685,7105,22675,17.38
2177560,19774,-3.726,0.2658,-0.99,-185.92,-650,-464.08,-367529,0,1.1397,-2.761,-495.3,-3467,1.46,0.32,12,-500,-1023,969,1,1,16,48531,5279,22633,17.49
2177670,19775,-3.214,0.2275,-0.731,-205.38,-650,-444.62,-380097,0,1.1348,-2.899,-493.9,-3457,1.57,0.35,12,-500,-1023,969,1,1,16,48658,4517,22536,17.6
2177780,19776,-0.419,0.0568,-0.024,-237.57,-650,-412.43,-404633,0,1.127,-3.119,-492.7,-3449,1.71,0.38,12,-500,-1023,969,1,1,16,49352,1128,22381,17.71
2177890,19777,-3.13,0.2293,-0.718,-260.79,-650,-389.21,-417257,0,1.1241,-3.201,-491.7,-3442,1.86,0.42,12,-500,-1023,969,1,1,16,48679,4553,22323,17.82
2178000,19778,-0.334,0.0317,-0.011,-281.41,-650,-368.59,-429960,0,1.1273,-3.11,-490.1,-3431,2.03,0.46,12,-500,-1023,969,1,1,16,49373,629,22387,17.93
2178110,19779,-0.237,0.0174,-0.004,-301.41,-650,-348.59,-442817,0,1.1308,-3.012,-488.4,-3419,2.24,0.51,12,-500,-1023,969,1,1,16,49397,346,22456,18.04
2178220,19780,-1.583,0.1792,-0.284,-333.78,-650,-316.22,-467371,0,1.1314,-2.994,-487.1,-3410,2.42,0.55,12,-500,-1023,969,1,1,16,49063,3559,22469,18.15
2178330,19781,-3.585,0.3371,-1.209,-356.2,-650,-293.8,-479193,0,1.131,-3.005,-486.9,-3408,2.5,0.57,12,-500,-1023,969,1,1,16,48566,6695,22461,18.26
2178440,19782,-0.419,0.0195,-0.008,-375.89,-650,-274.11,-491264,0,1.1308,-3.011,-487.4,-3412,2.61,0.6,12,-500,-1023,969,1,1,16,49352,388,22457,18.37
2178550,19783,0.073,0.1504,0.011,-394.84,-650,-255.16,-503402,0,1.1295,-3.049,-490,-3430,2.63,0.6,12,-500,-1023,969,1,1,16,49474,2986,22430,18.48
2178660,19784,-2.022,0.227,-0.459,-414.31,-650,-235.69,-516236,0,1.1255,-3.16,-491.9,-3443,2.53,0.58,12,-500,-1023,969,1,1,16,48954,4509,22352,18.59
2178770,19785,-1.833,0.1573,-0.288,-451.24,-650,-198.76,-545175,0,1.1193,-3.336,-492.4,-3447,2.46,0.57,12,-500,-1023,969,1,1,16,49001,3123,22228,18.7
2178880,19786,-0.435,0.0436,-0.019,-477.33,-650,-172.67,-559146,0,1.1165,-3.416,-492.1,-3445,2.49,0.58,12,-500,-1023,969,1,1,16,49348,865,22172,18.81
2178990,19787,-0.37,0.0253,-0.009,-499.54,-650,-150.46,-572531,0,1.1171,-3.397,-491.6,-3441,2.63,0.61,12,-500,-1023,969,1,1,16,49364,503,22185,18.92
2179100,19788,-0.253,0.0202,-0.005,-520.3,-650,-129.7,-585651,0,1.1208,-3.294,-489.4,-3426,2.83,0.66,12,-500,-1023,969,1,1,16,49393,401,22258,19.03
2179210,19789,-0.56,0.0541,-0.03,-554.06,-650,-95.94,-611276,0,1.1218,-3.265,-488.9,-3422,3.07,0.71,12,-500,-423,969,1,1,0,49317,1075,22278,19.14
2179320,19790,-5.373,0.4558,-2.449,-577.56,-650,-72.44,-623728,0,1.1228,-3.237,-491,-3437,2.99,0.7,12,-500,-373,969,1,1,0,48122,9052,22298,19.25
2179430,19791,-0.515,0.0504,-0.026,-597.51,-650,-52.49,-635737,0,1.1241,-3.201,-493.6,-3455,2.83,0.66,12,-500,-200,969,1,1,0,49328,1001,22323,19.36
2179540,19792,-2.731,0.209,-0.571,-611.98,-650,-38.02,-643628,0,1.1226,-3.242,-493.9,-3457,2.83,0.66,12,-500,-200,969,1,1,0,48778,4150,22294,19.47
2179650,19793,-1.418,0.156,-0.221,-623.04,-650,-26.96,-649887,0,1.1214,-3.278,-495,-3465,2.86,0.67,12,-500,-200,969,1,1,0,49104,3099,22269,19.58
2179760,19794,-2.344,0.2331,-0.546,-626.89,-650,-23.11,-650381,0,1.1165,-3.416,-495.9,-3471,2.82,0.66,12,-500,-219,969,1,1,0,48874,4629,22172,19.69
2179870,19795,-1.244,0.282,-0.351,-627.75,-650,-22.25,-650107,0,1.112,-3.541,-497.3,-3481,2.73,0.64,12,-500,-288,969,1,1,0,49147,5601,22084,19.8
2179980,19796,-1.252,0.0557,-0.07,-627.45,-650,-22.55,-649584,0,1.1108,-3.575,-498.6,-3490,2.66,0.62,12,-500,-324,969,1,1,0,49145,1107,22060,19.91
2180090,19797,-0.157,0.0236,-0.004,-627.54,-650,-22.46,-649752,0,1.1109,-3.572,-501.6,-3511,2.49,0.59,12,-500,-312,969,1,1,0,49417,468,22062,20.02
2180200,19798,-1.353,0.141,-0.191,-630.75,-650,-19.25,-652721,0,1.1138,-3.491,-501.7,-3512,2.4,0.56,12,-500,-200,969,1,1,0,49120,2801,22119,20.13
2180310,19799,-3.754,0.2442,-0.917,-634.28,-650,-15.72,-655102,0,1.1143,-3.477,-502,-3514,2.38,0.56,12,-500,-200,969,1,1,0,48524,4849,22129,20.24
2180420,19800,-1.434,0.1242,-0.178,-637.8,-650,-12.2,-657395,0,1.1151,-3.454,-502.9,-3520,2.29,0.54,12,-500,-200,969,1,1,0,49100,2467,22145,20.35
2180530,19801,-2.811,0.3293,-0.926,-640.09,-650,-9.91,-658546,0,1.1146,-3.47,-502.1,-3515,2.28,0.53,12,-500,-200,969,1,1,0,48758,6540,22134,20.46
2180640,19802,-0.85,0.0839,-0.071,-640.32,-650,-9.68,-658124,0,1.1158,-3.434,-500.7,-3505,2.39,0.56,12,-500,-200,969,1,1,0,49245,1666,22159,20.57
2180750,19803,-0.858,0.0832,-0.071,-640.13,-650,-9.87,-657879,0,1.1154,-3.445,-499.6,-3497,2.51,0.59,12,-500,-200,969,1,1,0,49243,1653,22151,20.68
2180860,19804,-5.933,0.5687,-3.374,-640.01,-650,-9.99,-657819,0,1.1156,-3.441,-499.4,-3496,2.56,0.6,12,-500,-200,969,1,1,0,47983,11293,22154,20.79
2180970,19805,-5.003,0.4816,-2.409,-639.71,-650,-10.29,-657572,0,1.111,-3.569,-503.3,-3523,2.33,0.54,12,-500,-200,969,1,1,0,48214,9564,22064,20.9
2181080,19806,-3.682,0.3686,-1.357,-639.42,-650,-10.58,-657386,0,1.1065,-3.697,-504.6,-3532,2.13,0.5,12,-500,-200,969,1,1,0,48542,7320,21974,21.01
2181190,19807,-0.773,0.0621,-0.048,-639.19,-650,-10.81,-657257,0,1.1029,-3.798,-505.6,-3539,2.04,0.48,12,-500,-200,969,1,1,0,49264,1234,21903,21.12
2181300,19808,-4.648,0.3304,-1.536,-638.68,-650,-11.32,-656842,0,1.1026,-3.808,-505.1,-3536,2.02,0.47,12,-500,-200,969,1,1,0,48302,6561,21896,21.23
2181410,19809,-0.29,0.0268,-0.008,-637.88,-650,-12.12,-656245,0,1.104,-3.766,-503.4,-3524,2.08,0.49,12,-500,-200,969,1,1,0,49384,532,21925,21.34
2181520,19810,-0.846,0.0766,-0.065,-637.28,-650,-12.72,-655909,0,1.1071,-3.68,-501.6,-3511,2.18,0.51,12,-500,-200,969,1,1,0,49246,1521,21986,21.45
2181630,19811,-2.312,0.5453,-1.261,-635.41,-650,-14.59,-654332,0,1.1094,-3.616,-500,-3500,2.24,0.52,12,-500,-255,969,1,1,0,48882,10829,22031,21.56
2181740,19812,-5.845,0.5753,-3.363,-633.73,-650,-16.27,-653298,0,1.1077,-3.664,-500.3,-3502,2.29,0.53,12,-500,-273,969,1,1,0,48005,11425,21997,21.67
2181850,19813,-3.617,0.4082,-1.477,-632.66,-650,-17.34,-652766,0,1.1088,-3.632,-501.9,-3513,2.19,0.51,12,-500,-272,969,1,1,0,48558,8107,22020,21.78
2181960,19814,-0.112,0.0017,0,-632.61,-650,-17.39,-653022,0,1.1105,-3.585,-502.1,-3515,2.12,0.49,12,-500,-245,969,1,1,0,49428,33,22053,21.89
2182070,19815,-2.848,0.5208,-1.483,-634.74,-650,-15.26,-655013,0,1.11,-3.599,-502.7,-3519,2.1,0.49,12,-500,-200,969,1,1,0,48749,10342,22043,22
2182180,19816,-1.498,0.1347,-0.202,-636.85,-650,-13.15,-656386,0,1.1072,-3.677,-502.6,-3518,2.05,0.48,12,-500,-200,969,1,1,0,49084,2675,21988,22.11
2182290,19817,-1.659,0.1561,-0.259,-638.18,-650,-11.82,-657029,0,1.1042,-3.762,-502.6,-3518,2.05,0.48,12,-500,-200,969,1,1,0,49044,3100,21928,22.22
2182400,19818,-3.19,0.3316,-1.058,-638.21,-650,-11.79,-656687,0,1.1005,-3.867,-501.3,-3509,2.08,0.48,12,-500,-200,969,1,1,0,48664,6586,21854,22.33
2182510,19819,-1.583,0.4288,-0.679,-637.57,-650,-12.43,-656084,0,1.097,-3.964,-500.7,-3505,2.14,0.5,12,-500,-200,969,1,1,0,49063,8516,21786,22.44
2182620,19820,-1.478,0.1489,-0.22,-636.62,-650,-13.38,-655379,0,1.0961,-3.989,-500.6,-3504,2.14,0.5,12,-500,-213,969,1,1,0,49089,2957,21768,22.55
2182730,19821,-0.358,0.0318,-0.011,-635.6,-650,-14.4,-654696,0,1.1004,-3.869,-501,-3507,2.13,0.49,12,-500,-229,969,1,1,0,49367,631,21853,22.66
2182840,19822,-0.551,0.0557,-0.031,-634.63,-650,-15.37,-654074,0,1.1021,-3.82,-502,-3514,2.06,0.48,12,-500,-242,969,1,1,0,49319,1107,21887,22.77
2182950,19823,-4.374,0.1859,-0.813,-634.05,-650,-15.95,-653813,0,1.1023,-3.816,-503.3,-3523,1.95,0.45,12,-500,-239,969,1,1,0,48370,3691,21890,22.88
2183060,19824,-1.591,0.1542,-0.245,-634.37,-650,-15.63,-654265,0,1.1021,-3.822,-504.7,-3533,1.82,0.42,12,-500,-210,969,1,1,0,49061,3062,21886,22.99
2183170,19825,-5.398,0.5424,-2.928,-634.98,-650,-15.02,-654750,0,1.1025,-3.81,-503.3,-3523,1.81,0.42,12,-500,-200,969,1,1,0,48116,10772,21894,23.1
2183280,19826,-0.596,0.0381,-0.023,-635.74,-650,-14.26,-655287,0,1.1031,-3.793,-501.7,-3512,1.89,0.43,12,-500,-200,969,1,1,0,49308,757,21906,23.21
2183390,19827,-1.607,0.3789,-0.609,-636.18,-650,-13.82,-655476,0,1.1028,-3.8,-501.6,-3511,1.91,0.44,12,-500,-200,969,1,1,0,49057,7524,21901,23.32
2183500,19828,-1.176,0.1008,-0.119,-636.02,-650,-13.98,-655209,0,1.1008,-3.859,-501.1,-3508,1.93,0.45,12,-500,-200,969,1,1,0,49164,2002,21860,23.43
2183610,19829,-5.269,0.5208,-2.744,-635.48,-650,-14.52,-654752,0,1.0972,-3.958,-501.3,-3509,1.95,0.45,12,-500,-218,969,1,1,0,48148,10343,21790,23.54
2183720,19830,-2.163,0.2105,-0.455,-635.04,-650,-14.96,-654496,0,1.092,-4.104,-501.1,-3508,1.92,0.44,12,-500,-221,969,1,1,0,48919,4180,21687,23.65
2183830,19831,-1.865,0.3747,-0.699,-634.38,-650,-15.62,-653997,0,1.0904,-4.15,-502.7,-3519,1.83,0.42,12,-500,-237,969,1,1,0,48993,7441,21655,23.76
2183940,19832,-5.486,0.5393,-2.959,-634.26,-650,-15.74,-654074,0,1.0909,-4.136,-503.4,-3524,1.77,0.41,12,-500,-224,969,1,1,0,48094,10711,21665,23.87
2184050,19833,-0.068,0.0024,0,-635.15,-650,-14.85,-654939,0,1.0941,-4.048,-503,-3521,1.73,0.4,12,-500,-200,969,1,1,0,49439,47,21727,23.98
2184160,19834,-0.221,0.0113,-0.003,-635.9,-650,-14.1,-655387,0,1.0969,-3.968,-502.3,-3516,1.77,0.4,12,-500,-200,969,1,1,0,49401,225,21783,24.09
2184270,19835,-1.083,0.0833,-0.09,-636.75,-650,-13.25,-655968,0,1.0967,-3.972,-500.4,-3503,1.85,0.42,12,-500,-200,969,1,1,0,49187,1655,21780,24.2
2184380,19836,-2.042,0.2252,-0.46,-637.41,-650,-12.59,-656345,0,1.0967,-3.972,-498.4,-3489,1.96,0.45,12,-500,-200,969,1,1,0,48949,4473,21780,24.31
2184490,19837,-1.035,0.1435,-0.148,-637.83,-650,-12.17,-656553,0,1.098,-3.937,-498.4,-3489,2.05,0.47,12,-500,-200,969,1,1,0,49199,2849,21805,24.42
2184600,19838,-4.407,0.5138,-2.264,-638.47,-650,-11.53,-657032,0,1.0988,-3.913,-498.9,-3492,2.01,0.46,12,-500,-200,969,1,1,0,48362,10203,21822,24.53
2184710,19839,-1.587,0.1764,-0.28,-639.32,-650,-10.68,-657638,0,1.097,-3.964,-500,-3500,1.95,0.45,12,-500,-200,969,1,1,0,49062,3504,21786,24.64
2184820,19840,-1.393,0.1486,-0.207,-640.2,-650,-9.8,-658220,0,1.0934,-4.067,-499.7,-3498,1.95,0.45,12,-500,-200,969,1,1,0,49110,2952,21713,24.75
2184930,19841,-2.401,0.244,-0.586,-640.91,-650,-9.09,-658640,0,1.0883,-4.211,-498.3,-3488,2.05,0.47,12,-500,-200,969,1,1,0,48860,4845,21612,24.86
2185040,19842,-1.462,0.139,-0.203,-642.28,-650,-7.72,-659712,0,1.0859,-4.279,-496.7,-3477,2.17,0.5,12,-500,-200,969,1,1,0,49093,2761,21564,24.97
2185150,19843,-0.451,0.0517,-0.023,-643.1,-650,-6.9,-660095,0,1.0859,-4.278,-494.7,-3463,2.33,0.54,12,-500,-200,969,1,1,0,49344,1026,21565,25.08
2185260,19844,-0.153,0.006,-0.001,-643.45,-650,-6.55,-660196,0,1.0884,-4.208,-493.7,-3456,2.48,0.57,12,-500,-200,969,1,1,0,49418,119,21614,25.19
2185370,19845,-2.614,0.2662,-0.696,-643.93,-650,-6.07,-660545,0,1.0909,-4.136,-494.3,-3460,2.48,0.58,12,-500,-200,969,1,1,0,48807,5286,21665,25.3
2185480,19846,-6.091,0.5892,-3.588,-644.57,-650,-5.43,-661002,0,1.0918,-4.11,-494.7,-3463,2.45,0.57,12,-500,-200,969,1,1,0,47944,11700,21683,25.41
2185590,19847,-3.669,0.3997,-1.467,-644.9,-650,-5.1,-661137,0,1.0918,-4.11,-496.9,-3478,2.38,0.55,12,-500,-200,969,1,1,0,48545,7937,21683,25.52
2185700,19848,-0.133,0.0057,-0.001,-645.33,-650,-4.67,-661435,0,1.092,-4.106,-497.9,-3485,2.33,0.54,12,-500,-200,969,1,1,0,49423,113,21686,25.63
2185810,19849,-2.614,0.3766,-0.984,-644.97,-650,-5.03,-660986,0,1.0931,-4.076,-497.3,-3481,2.39,0.56,12,-500,-200,969,1,1,0,48807,7478,21707,25.74
2185920,19850,-2.437,0.4541,-1.107,-643.83,-650,-6.17,-660029,0,1.0902,-4.157,-498.4,-3489,2.38,0.55,12,-500,-200,969,1,1,0,48851,9018,21650,25.85
2186030,19851,-4.572,0.4604,-2.105,-642.2,-650,-7.8,-658821,0,1.0869,-4.249,-500.3,-3502,2.22,0.52,12,-500,-200,969,1,1,0,48321,9144,21585,25.96
2186140,19852,-4.463,0.3971,-1.772,-640.89,-650,-9.11,-658059,0,1.0827,-4.367,-502.3,-3516,2.08,0.48,12,-500,-200,969,1,1,0,48348,7886,21502,26.07
2186250,19853,-5.873,0.5901,-3.466,-639.47,-650,-10.53,-657106,0,1.0794,-4.461,-501.6,-3511,2.04,0.47,12,-500,-200,969,1,1,0,47998,11719,21436,26.18
2186360,19854,-0.282,0.0215,-0.006,-638.36,-650,-11.64,-656472,0,1.081,-4.417,-500.7,-3505,2.13,0.49,12,-500,-200,969,1,1,0,49386,427,21467,26.29
2186470,19855,-3.71,0.2404,-0.892,-636.85,-650,-13.15,-655371,0,1.085,-4.302,-499.7,-3498,2.17,0.5,12,-500,-225,969,1,1,0,48535,4774,21548,26.4
2186580,19856,-1.349,0.0913,-0.123,-635.5,-650,-14.5,-654537,0,1.0874,-4.236,-501.3,-3509,2.09,0.49,12,-500,-240,969,1,1,0,49121,1814,21594,26.51
2186690,19857,-1.599,0.1551,-0.248,-634.53,-650,-15.47,-654015,0,1.0874,-4.235,-503.6,-3525,1.95,0.45,12,-500,-243,969,1,1,0,49059,3081,21595,26.62
2186800,19858,-5.349,0.3544,-1.896,-633.62,-650,-16.38,-653434,0,1.0874,-4.235,-505.1,-3536,1.79,0.41,12,-500,-254,969,1,1,0,48128,7038,21595,26.73
2186910,19859,-5.148,0.5221,-2.688,-633.26,-650,-16.74,-653355,0,1.0884,-4.208,-506.6,-3546,1.66,0.38,12,-500,-244,969,1,1,0,48178,10368,21614,26.84
2187020,19860,-0.012,0.0241,0,-634.17,-650,-15.83,-654303,0,1.0881,-4.217,-505.3,-3537,1.63,0.37,12,-500,-200,969,1,1,0,49453,479,21608,26.95
2187130,19861,-2.102,0.4035,-0.848,-635.53,-650,-14.47,-655312,0,1.0873,-4.239,-504.1,-3529,1.66,0.38,12,-500,-200,969,1,1,0,48934,8014,21592,27.06
2187240,19862,-4,0.5074,-2.03,-636.59,-650,-13.41,-655919,0,1.0864,-4.263,-502.4,-3517,1.78,0.41,12,-500,-200,969,1,1,0,48463,10077,21575,27.17
2187350,19863,-3.512,0.4922,-1.729,-636.71,-650,-13.29,-655739,0,1.0823,-4.378,-500.7,-3505,1.84,0.42,12,-500,-200,969,1,1,0,48584,9775,21494,27.28
2187460,19864,-1.563,0.1506,-0.235,-635.65,-650,-14.35,-654716,0,1.0772,-4.523,-501,-3507,1.86,0.43,12,-500,-230,969,1,1,0,49068,2990,21392,27.39
2187570,19865,-1.087,0.1388,-0.151,-634.63,-650,-15.37,-654066,0,1.0766,-4.54,-500.4,-3503,1.89,0.43,12,-500,-243,969,1,1,0,49186,2756,21380,27.5
2187680,19866,-0.62,0.0674,-0.042,-633.62,-650,-16.38,-653409,0,1.0768,-4.533,-502.9,-3520,1.79,0.41,12,-500,-257,969,1,1,0,49302,1338,21385,27.61
2187790,19867,-0.177,0.017,-0.003,-633.04,-650,-16.96,-653148,0,1.08,-4.444,-504.4,-3531,1.63,0.37,12,-500,-253,969,1,1,0,49412,337,21448,27.72
2187900,19868,-0.769,0.0626,-0.048,-632.02,-650,-17.98,-652364,0,1.0836,-4.342,-505.1,-3536,1.52,0.35,12,-500,-279,969,1,1,0,49265,1244,21520,27.83
2188010,19869,-3.033,0.2387,-0.724,-631,-650,-19,-651701,0,1.0842,-4.326,-504.6,-3532,1.48,0.34,12,-500,-294,969,1,1,0,48703,4741,21531,27.94
2188120,19870,-5.913,0.5759,-3.405,-630.1,-650,-19.9,-651149,0,1.0836,-4.343,-503.6,-3525,1.51,0.34,12,-500,-303,969,1,1,0,47988,11436,21519,28.05
2188230,19871,-1.853,0.1412,-0.262,-629.27,-650,-20.73,-650620,0,1.0835,-4.344,-503,-3521,1.54,0.35,12,-500,-313,969,1,1,0,48996,2805,21518,28.16
2188340,19872,-2.678,0.1782,-0.477,-628.32,-650,-21.68,-649969,0,1.0858,-4.28,-502,-3514,1.59,0.36,12,-500,-330,969,1,1,0,48791,3538,21563,28.27
2188450,19873,-5.591,0.4894,-2.736,-627.22,-650,-22.78,-649214,0,1.0852,-4.296,-502.6,-3518,1.57,0.36,12,-500,-349,969,1,1,0,48068,9719,21552,28.38
2188560,19874,-5.132,0.4753,-2.439,-627.97,-650,-22.03,-650222,0,1.0814,-4.404,-502,-3514,1.54,0.35,12,-500,-288,969,1,1,0,48182,9439,21476,28.49
2188670,19875,-4.423,0.4287,-1.896,-630.16,-650,-19.84,-652042,0,1.0768,-4.535,-501.7,-3512,1.53,0.35,12,-500,-218,969,1,1,0,48358,8513,21384,28.6
2188780,19876,-1.861,0.1243,-0.231,-633.09,-650,-16.91,-654166,0,1.0735,-4.627,-502.1,-3515,1.51,0.34,12,-500,-200,969,1,1,0,48994,2469,21319,28.71
2188890,19877,-1.482,0.1237,-0.183,-635.79,-650,-14.21,-655854,0,1.0712,-4.692,-501.1,-3508,1.55,0.35,12,-500,-200,969,1,1,0,49088,2456,21273,28.82
2189000,19878,-0.362,0.0216,-0.008,-635.75,-650,-14.25,-655070,0,1.0737,-4.621,-499.7,-3498,1.67,0.38,12,-500,-200,969,1,1,0,49366,428,21323,28.93
2189110,19879,-3.11,0.1679,-0.522,-634.96,-650,-15.04,-654344,0,1.0764,-4.546,-497.6,-3483,1.78,0.4,12,-500,-232,969,1,1,0,48684,3334,21376,29.04
2189220,19880,-4.866,0.5303,-2.58,-634.23,-650,-15.77,-653879,0,1.0782,-4.493,-497.4,-3482,1.84,0.42,12,-500,-241,969,1,1,0,48248,10531,21413,29.15
2189330,19881,-2.63,0.2703,-0.711,-632.8,-650,-17.2,-652758,0,1.0781,-4.496,-498,-3486,1.84,0.42,12,-500,-280,969,1,1,0,48803,5367,21411,29.26
2189440,19882,-1.905,0.2871,-0.547,-631.78,-650,-18.22,-652207,0,1.0795,-4.459,-499.3,-3495,1.77,0.4,12,-500,-283,969,1,1,0,48983,5702,21437,29.37
2189550,19883,-3.931,0.5723,-2.25,-631.16,-650,-18.84,-651912,0,1.0809,-4.418,-500.6,-3504,1.66,0.38,12,-500,-281,969,1,1,0,48480,11366,21466,29.48
2189660,19884,-2.328,0.1325,-0.308,-630.48,-650,-19.52,-651451,0,1.08,-4.445,-501.1,-3508,1.61,0.36,12,-500,-292,969,1,1,0,48878,2631,21447,29.59
2189770,19885,-1.72,0.1257,-0.216,-629.59,-650,-20.41,-650815,0,1.0784,-4.489,-501.4,-3510,1.58,0.36,12,-500,-310,969,1,1,0,49029,2496,21416,29.7
2189880,19886,-4.282,0.4673,-2.001,-628.4,-650,-21.6,-649957,0,1.0752,-4.58,-501.4,-3510,1.57,0.35,12,-500,-335,969,1,1,0,48393,9281,21352,29.81
2189990,19887,-5.132,0.4382,-2.249,-627.52,-650,-22.48,-649467,0,1.0699,-4.728,-500.6,-3504,1.59,0.36,12,-500,-339,969,1,1,0,48182,8702,21248,29.92
2190100,19888,-2.485,0.4244,-1.055,-627.34,-650,-22.66,-649553,0,1.0674,-4.8,-500.9,-3506,1.58,0.36,12,-500,-322,969,1,1,0,48839,8428,21197,30.03
2190210,19889,-0.459,0.0504,-0.023,-628.2,-650,-21.8,-650401,0,1.0685,-4.768,-501.4,-3510,1.57,0.35,12,-500,-282,969,1,1,0,49342,1001,21220,30.14
2190320,19890,-0.092,0.0051,0,-631.23,-650,-18.77,-652978,0,1.0721,-4.668,-501.4,-3510,1.54,0.35,12,-500,-200,969,1,1,0,49433,101,21290,30.25
2190430,19891,-5.857,0.5406,-3.166,-632.62,-650,-17.38,-653430,0,1.0743,-4.606,-501.3,-3509,1.54,0.35,12,-500,-205,969,1,1,0,48002,10735,21334,30.36
2190540,19892,-5.019,0.5134,-2.577,-632.67,-650,-17.33,-653084,0,1.0743,-4.604,-501.7,-3512,1.5,0.34,12,-500,-241,969,1,1,0,48210,10196,21335,30.47
2190650,19893,-2.207,0.1875,-0.414,-632.25,-650,-17.75,-652679,0,1.0743,-4.604,-501.9,-3513,1.45,0.33,12,-500,-260,969,1,1,0,48908,3724,21335,30.58
2190760,19894,-5.478,0.5085,-2.786,-631.36,-650,-18.64,-651966,0,1.0757,-4.566,-501.9,-3513,1.45,0.32,12,-500,-285,969,1,1,0,48096,10098,21362,30.69
2190870,19895,-2.348,0.1892,-0.444,-629.36,-650,-20.64,-650356,0,1.0762,-4.55,-501.3,-3509,1.45,0.33,12,-500,-343,969,1,1,0,48873,3757,21373,30.8
2190980,19896,-5.212,0.492,-2.564,-628.36,-650,-21.64,-649986,0,1.0759,-4.56,-501.3,-3509,1.46,0.33,12,-500,-330,969,1,1,0,48162,9770,21366,30.91
2191090,19897,-4.161,0.331,-1.377,-627.64,-650,-22.36,-649594,0,1.0738,-4.62,-500.7,-3505,1.49,0.34,12,-500,-333,969,1,1,0,48423,6574,21324,31.02
2191200,19898,-5.087,0.5263,-2.678,-627.55,-650,-22.45,-649712,0,1.0676,-4.794,-501,-3507,1.47,0.33,12,-500,-317,969,1,1,0,48193,10452,21201,31.13
2191310,19899,-0.902,0.0869,-0.078,-628.23,-650,-21.77,-650368,0,1.0638,-4.901,-501,-3507,1.48,0.33,12,-500,-286,969,1,1,0,49232,1725,21126,31.24
2191420,19900,-5.434,0.4143,-2.251,-627.99,-650,-22.01,-649952,0,1.0631,-4.919,-501.9,-3513,1.45,0.33,12,-500,-315,969,1,1,0,48107,8227,21113,31.35
2191530,19901,-5.377,0.5196,-2.794,-627.29,-650,-22.71,-649376,0,1.0653,-4.86,-501.3,-3509,1.43,0.32,12,-500,-337,969,1,1,0,48121,10318,21155,31.46
2191640,19902,-0.124,0.0178,-0.002,-626.66,-650,-23.34,-648975,0,1.0682,-4.776,-501.3,-3509,1.42,0.32,12,-500,-344,969,1,1,0,49425,353,21214,31.57
2191750,19903,-5.176,0.4751,-2.459,-625.07,-650,-24.93,-647679,0,1.0701,-4.722,-501.1,-3508,1.42,0.32,12,-500,-392,969,1,1,0,48171,9435,21252,31.68
2191860,19904,-5.567,0.5165,-2.875,-623.76,-650,-26.24,-646903,0,1.0714,-4.687,-501.1,-3508,1.42,0.32,12,-500,-403,969,1,1,0,48074,10257,21277,31.79
2191970,19905,-3.673,0.1566,-0.575,-623.18,-650,-26.82,-646725,0,1.0704,-4.715,-500.7,-3505,1.41,0.31,12,-500,-391,969,1,1,0,48544,3110,21257,31.9
2192080,19906,-0.991,0.0858,-0.085,-624.09,-650,-25.91,-647738,0,1.0719,-4.672,-500.6,-3504,1.41,0.31,12,-500,-338,969,1,1,0,49210,1703,21287,32.01
2192190,19907,-1.849,0.2988,-0.552,-626.03,-650,-23.97,-649287,0,1.072,-4.671,-500.6,-3504,1.41,0.31,12,-500,-283,969,1,1,0,48997,5933,21288,32.12
2192300,19908,-5.47,0.1514,-0.828,-628.87,-650,-21.13,-651391,0,1.0707,-4.705,-500.1,-3501,1.42,0.32,12,-500,-218,969,1,1,0,48098,3006,21264,32.23
2192410,19909,-5.112,0.5253,-2.685,-629.61,-650,-20.39,-651283,0,1.0652,-4.863,-500.7,-3505,1.41,0.32,12,-500,-265,969,1,1,0,48187,10431,21153,32.34
2192520,19910,-1.973,0.46,-0.908,-629.2,-650,-20.8,-650695,0,1.0607,-4.988,-500.3,-3502,1.4,0.31,12,-500,-302,969,1,1,0,48966,9136,21065,32.45
2192630,19911,-4.85,0.2967,-1.439,-628.28,-650,-21.72,-649957,0,1.0581,-5.061,-500.1,-3501,1.41,0.32,12,-500,-329,969,1,1,0,48252,5893,21013,32.56
2192740,19912,-1.893,0.2083,-0.394,-626.74,-650,-23.26,-648773,0,1.059,-5.036,-499.9,-3499,1.45,0.32,12,-500,-368,969,1,1,0,48986,4136,21031,32.67
2192850,19913,-0.173,0.0085,-0.001,-625.36,-650,-24.64,-647928,0,1.063,-4.922,-498.7,-3491,1.51,0.34,12,-500,-382,969,1,1,0,49413,168,21111,32.78
2192960,19914,-4.999,0.3528,-1.764,-624.3,-650,-25.7,-647323,0,1.0642,-4.89,-497,-3479,1.62,0.36,12,-500,-389,969,1,1,0,48215,7006,21134,32.89
2193070,19915,-5.345,0.5338,-2.853,-623.64,-650,-26.36,-647006,0,1.0649,-4.871,-497,-3479,1.67,0.38,12,-500,-387,969,1,1,0,48129,10601,21147,33
2193180,19916,-4.656,0.539,-2.51,-622.17,-650,-27.83,-645822,0,1.0652,-4.861,-496.9,-3478,1.68,0.38,12,-500,-430,969,1,1,0,48300,10705,21154,33.11
2193290,19917,-0.261,0.0037,-0.001,-621.17,-650,-28.83,-645299,0,1.0654,-4.856,-497.1,-3480,1.7,0.38,12,-500,-431,969,1,1,0,49391,74,21158,33.22
2193400,19918,-3.359,0.3567,-1.198,-620.47,-650,-29.53,-644926,0,1.067,-4.81,-498.1,-3487,1.69,0.38,12,-500,-433,969,1,1,0,48622,7084,21190,33.33
2193510,19919,-4.979,0.1456,-0.725,-619.49,-650,-30.51,-644207,0,1.0638,-4.901,-499.9,-3499,1.59,0.36,12,-500,-454,969,1,1,0,48220,2892,21126,33.44
2193620,19920,-5.377,0.5315,-2.858,-618.28,-650,-31.72,-643359,0,1.0613,-4.971,-501.1,-3508,1.49,0.34,12,-500,-477,969,1,1,0,48121,10555,21077,33.55
2193730,19921,-2.823,0.2928,-0.827,-617.78,-650,-32.22,-643231,0,1.0572,-5.086,-500.6,-3504,1.46,0.33,12,-500,-465,969,1,1,0,48755,5814,20996,33.66
2193840,19922,-1.152,0.1117,-0.129,-619.85,-650,-30.15,-645293,0,1.0521,-5.232,-500.6,-3504,1.48,0.33,12,-500,-366,969,1,1,0,49170,2218,20893,33.77
2193950,19923,-0.274,0.0276,-0.008,-623.89,-650,-26.11,-648478,0,1.0552,-5.144,-499.4,-3496,1.56,0.35,12,-500,-255,969,1,1,0,49388,549,20955,33.88
2194060,19924,-0.12,0.0196,-0.002,-629.16,-650,-20.84,-652261,0,1.0586,-5.049,-499.4,-3496,1.57,0.35,12,-500,-200,969,1,1,0,49426,389,21022,33.99
2194170,19925,-4.995,0.4286,-2.141,-635.92,-650,-14.08,-657077,0,1.0602,-5.002,-499.7,-3498,1.54,0.35,12,-500,-200,969,1,1,0,48216,8512,21055,34.1
2194280,19926,-5.603,0.5457,-3.058,-637.77,-650,-12.23,-656907,0,1.0609,-4.983,-500.6,-3504,1.49,0.34,12,-500,-200,969,1,1,0,48065,10838,21068,34.21
2194390,19927,-5.527,0.5452,-3.013,-637.91,-650,-12.09,-656528,0,1.0614,-4.969,-500.6,-3504,1.48,0.33,12,-500,-200,969,1,1,0,48084,10827,21078,34.32
2194500,19928,-1.599,0.1979,-0.316,-637.35,-650,-12.65,-655964,0,1.0614,-4.969,-501.1,-3508,1.44,0.32,12,-500,-200,969,1,1,0,49059,3931,21078,34.43
2194610,19929,-5.772,0.2829,-1.633,-636.22,-650,-13.78,-655071,0,1.0621,-4.949,-500.9,-3506,1.43,0.32,12,-500,-224,969,1,1,0,48023,5619,21092,34.54
2194720,19930,-2.888,0.1608,-0.464,-634.25,-650,-15.75,-653547,0,1.0615,-4.965,-500.7,-3505,1.42,0.32,12,-500,-274,969,1,1,0,48739,3193,21081,34.65
2194830,19931,-1.43,0.1445,-0.207,-632.85,-650,-17.15,-652801,0,1.0576,-5.077,-500.4,-3503,1.46,0.33,12,-500,-278,969,1,1,0,49101,2869,21002,34.76
2194940,19932,-4.149,0.4168,-1.729,-631.42,-650,-18.58,-651854,0,1.0527,-5.213,-499.6,-3497,1.55,0.35,12,-500,-299,969,1,1,0,48426,8278,20906,34.87
2195050,19933,-0.37,0.0251,-0.009,-630,-650,-20,-650938,0,1.0483,-5.338,-498.7,-3491,1.62,0.36,12,-500,-319,969,1,1,0,49364,498,20818,34.98
2195160,19934,-1.47,0.1494,-0.22,-628.3,-650,-21.7,-649748,0,1.049,-5.317,-497.7,-3484,1.68,0.38,12,-500,-350,969,1,1,0,49091,2967,20833,35.09
2195270,19935,-0.096,0.0007,0,-627.22,-650,-22.78,-649216,0,1.0526,-5.216,-497.7,-3484,1.7,0.39,12,-500,-348,969,1,1,0,49432,14,20904,35.2
2195380,19936,-1.683,0.2046,-0.345,-627.72,-650,-22.28,-649983,0,1.0551,-5.147,-498.9,-3492,1.66,0.37,12,-500,-298,969,1,1,0,49038,4064,20953,35.31
2195490,19937,-4.584,0.3913,-1.793,-629.89,-650,-20.11,-651871,0,1.0555,-5.134,-500.1,-3501,1.57,0.35,12,-500,-222,969,1,1,0,48318,7770,20962,35.42
2195600,19938,-5.003,0.1327,-0.664,-635.29,-650,-14.71,-656282,0,1.0555,-5.134,-500.9,-3506,1.5,0.34,12,-500,-200,969,1,1,0,48214,2635,20962,35.53
2195710,19939,-4.862,0.4122,-2.004,-638.28,-650,-11.72,-657560,0,1.058,-5.066,-501.1,-3508,1.49,0.33,12,-500,-200,969,1,1,0,48249,8185,21010,35.64
2195820,19940,-4.58,0.4884,-2.237,-639.71,-650,-10.29,-658058,0,1.0573,-5.084,-500.7,-3505,1.48,0.33,12,-500,-200,969,1,1,0,48319,9700,20997,35.75
2195930,19941,-4.95,0.1571,-0.778,-640.28,-650,-9.72,-658185,0,1.0562,-5.114,-500.9,-3506,1.48,0.33,12,-500,-200,969,1,1,0,48227,3119,20976,35.86
2196040,19942,-1.546,0.1198,-0.185,-639.72,-650,-10.28,-657508,0,1.0531,-5.203,-499.7,-3498,1.52,0.34,12,-500,-200,969,1,1,0,49072,2380,20913,35.97
2196150,19943,-5.1,0.5287,-2.696,-637.85,-650,-12.15,-655925,0,1.0486,-5.33,-498.7,-3491,1.61,0.36,12,-500,-221,969,1,1,0,48190,10500,20824,36.08
2196260,19944,-1.534,0.1427,-0.219,-636.6,-650,-13.4,-655287,0,1.0456,-5.415,-498.6,-3490,1.68,0.38,12,-500,-222,969,1,1,0,49075,2833,20764,36.19
2196370,19945,-1.82,0.5058,-0.921,-635.13,-650,-14.87,-654258,0,1.0454,-5.419,-498,-3486,1.7,0.38,12,-500,-249,969,1,1,0,49004,10044,20761,36.3
2196480,19946,-1.285,0.126,-0.162,-633.86,-650,-16.14,-653490,0,1.0476,-5.357,-499.6,-3497,1.62,0.37,12,-500,-261,969,1,1,0,49137,2503,20805,36.41
2196590,19947,-0.406,0.0636,-0.026,-631.87,-650,-18.13,-651991,0,1.0499,-5.291,-500.9,-3506,1.53,0.35,12,-500,-308,969,1,1,0,49355,1264,20851,36.52
2196700,19948,-3.524,0.2597,-0.915,-630.14,-650,-19.86,-650937,0,1.0507,-5.272,-501.3,-3509,1.48,0.33,12,-500,-325,969,1,1,0,48581,5157,20865,36.63
2196810,19949,-1.434,0.1274,-0.183,-629.17,-650,-20.83,-650525,0,1.0506,-5.273,-501.1,-3508,1.46,0.33,12,-500,-318,969,1,1,0,49100,2530,20864,36.74
2196920,19950,-5.901,0.5686,-3.355,-629.84,-650,-20.16,-651418,0,1.0508,-5.269,-500.1,-3501,1.49,0.33,12,-500,-264,969,1,1,0,47991,11292,20867,36.85
2197030,19951,-5.583,0.2834,-1.582,-632.08,-650,-17.92,-653309,0,1.0513,-5.255,-499.4,-3496,1.54,0.35,12,-500,-200,969,1,1,0,48070,5628,20877,36.96
2197140,19952,-1.551,0.1533,-0.238,-637.15,-650,-12.85,-657410,0,1.0513,-5.253,-498.3,-3488,1.63,0.37,12,-500,-200,969,1,1,0,49071,3044,20878,37.07
2197250,19953,-2.662,0.2301,-0.613,-640.26,-650,-9.74,-658882,0,1.0485,-5.331,-496.7,-3477,1.76,0.4,12,-500,-200,969,1,1,0,48795,4569,20823,37.18
2197360,19954,-5.466,0.5508,-3.011,-641.36,-650,-8.64,-659045,0,1.0441,-5.456,-498.1,-3487,1.75,0.4,12,-500,-200,969,1,1,0,48099,10938,20735,37.29
2197470,19955,-1.164,0.1605,-0.187,-641.16,-650,-8.84,-658543,0,1.0391,-5.598,-500,-3500,1.66,0.38,12,-500,-200,969,1,1,0,49167,3188,20635,37.4
2197580,19956,-1.651,0.1778,-0.294,-639.88,-650,-10.12,-657410,0,1.0384,-5.617,-500.7,-3505,1.59,0.36,12,-500,-200,969,1,1,0,49046,3531,20622,37.51
2197690,19957,-3.049,0.1861,-0.567,-638.49,-650,-11.51,-656476,0,1.0416,-5.527,-500.9,-3506,1.55,0.35,12,-500,-200,969,1,1,0,48699,3695,20685,37.62
2197800,19958,-0.161,0.0068,-0.001,-637.17,-650,-12.83,-655636,0,1.0446,-5.443,-501.1,-3508,1.52,0.34,12,-500,-216,969,1,1,0,49416,135,20744,37.73
2197910,19959,-2.727,0.4779,-1.303,-636.2,-650,-13.8,-655098,0,1.0461,-5.401,-500.7,-3505,1.52,0.34,12,-500,-220,969,1,1,0,48779,9491,20774,37.84
2198020,19960,-5.398,0.5135,-2.772,-634.38,-650,-15.62,-653680,0,1.0457,-5.412,-500.1,-3501,1.54,0.35,12,-500,-268,969,1,1,0,48116,10197,20766,37.95
2198130,19961,-2.473,0.5724,-1.416,-632.8,-650,-17.2,-652713,0,1.0443,-5.451,-498.6,-3490,1.6,0.36,12,-500,-284,969,1,1,0,48842,11367,20739,38.06
2198240,19962,-5.478,0.5329,-2.919,-631.92,-650,-18.08,-652336,0,1.0461,-5.401,-498.7,-3491,1.66,0.37,12,-500,-277,969,1,1,0,48096,10583,20774,38.17
2198350,19963,-1.329,0.143,-0.19,-632.43,-650,-17.57,-653060,0,1.0464,-5.391,-499,-3493,1.68,0.38,12,-500,-232,969,1,1,0,49126,2839,20781,38.28
2198460,19964,-5.12,0.4963,-2.541,-634.2,-650,-15.8,-654559,0,1.0451,-5.429,-499.1,-3494,1.66,0.38,12,-500,-200,969,1,1,0,48185,9857,20754,38.39
2198570,19965,-5.841,0.5101,-2.98,-638.65,-650,-11.35,-658215,0,1.0399,-5.574,-499.1,-3494,1.63,0.37,12,-500,-200,969,1,1,0,48006,10131,20652,38.5
2198680,19966,-3.375,0.1835,-0.619,-641.18,-650,-8.82,-659322,0,1.0333,-5.762,-500.3,-3502,1.61,0.36,12,-500,-200,969,1,1,0,48618,3644,20520,38.61
2198790,19967,-1.091,0.1107,-0.121,-642.46,-650,-7.54,-659805,0,1.0334,-5.759,-500.6,-3504,1.59,0.36,12,-500,-200,969,1,1,0,49185,2199,20522,38.72
2198900,19968,-0.612,0.071,-0.043,-643.32,-650,-6.68,-660248,0,1.0351,-5.709,-501.1,-3508,1.57,0.35,12,-500,-200,969,1,1,0,49304,1410,20557,38.83
2199010,19969,-3.581,0.2979,-1.067,-644.58,-650,-5.42,-661188,0,1.0391,-5.597,-500.6,-3504,1.55,0.35,12,-500,-200,969,1,1,0,48567,5916,20636,38.94
2199120,19970,-1.712,0.1749,-0.299,-645.38,-650,-4.62,-661573,0,1.0402,-5.566,-500.1,-3501,1.55,0.35,12,-500,-200,969,1,1,0,49031,3474,20658,39.05
2199230,19971,-4.959,0.4855,-2.407,-646.48,-650,-3.52,-662373,0,1.0404,-5.561,-498.6,-3490,1.64,0.37,12,-500,-200,969,1,1,0,48225,9642,20661,39.16
2199340,19972,-1.087,0.576,-0.626,-647.84,-650,-2.16,-663339,0,1.0401,-5.57,-496.6,-3476,1.77,0.4,12,-500,200,969,1,1,0,49186,11439,20655,39.27
2199450,19973,-1.325,0.1099,-0.146,-649.1,-650,0,-664126,0,1.0418,-5.522,-496.3,-3474,1.87,0.43,12,-500,200,969,1,1,0,49127,2183,20689,39.38
2199560,19974,-1.353,0.0336,-0.045,-651.73,-650,0,-666227,0,1.0418,-5.52,-497.6,-3483,1.84,0.42,12,-500,200,969,1,1,0,49120,667,20690,39.49
2199670,19975,-5.055,0.4867,-2.461,-653.05,-650,3.05,-666721,0,1.0385,-5.615,-498.7,-3491,1.77,0.4,12,-500,200,969,1,1,0,48201,9666,20623,39.6
2199780,19976,-5.011,0.5044,-2.527,-651.36,-650,0,-664775,0,1.0342,-5.735,-499.3,-3495,1.69,0.39,12,-500,-200,969,1,1,0,48212,10016,20539,39.71
2199890,19977,-0.491,0.1057,-0.052,-648.41,-650,0,-662504,0,1.0303,-5.845,-501.1,-3508,1.61,0.37,12,-500,-200,969,1,1,0,49334,2100,20461,39.82
2200000,19978,-5.373,0.5351,-2.875,-643.42,-650,-6.58,-658680,0,1.0287,-5.889,-501.1,-3508,1.57,0.36,12,-500,-228,969,1,1,0,48122,10626,20430,39.93
2200110,19979,-0.197,0.0103,-0.002,-640.26,-650,-9.74,-657131,0,1.0307,-5.834,-501.7,-3512,1.58,0.36,12,-500,-223,969,1,1,0,49407,204,20469,40.04
2200220,19980,-0.825,0.0963,-0.079,-639.2,-650,-10.8,-657036,0,1.0344,-5.729,-500.1,-3501,1.61,0.36,12,-500,-200,969,1,1,0,49251,1912,20543,40.15
2200330,19981,-1.579,0.1495,-0.236,-639.72,-650,-10.28,-657809,0,1.0361,-5.682,-498.7,-3491,1.68,0.38,12,-500,-200,969,1,1,0,49064,2968,20576,40.26
2200440,19982,-5.273,0.3484,-1.837,-641.33,-650,-8.67,-659159,0,1.0356,-5.696,-497.4,-3482,1.78,0.4,12,-500,-200,969,1,1,0,48147,6919,20566,40.37
2200550,19983,-1.349,0.5066,-0.683,-641.94,-650,-8.06,-659284,0,1.0357,-5.693,-497.1,-3480,1.86,0.42,12,-500,-200,969,1,1,0,49121,10061,20568,40.48
2200660,19984,-0.221,0.0103,-0.002,-642.67,-650,-7.33,-659790,0,1.0361,-5.682,-498.4,-3489,1.82,0.41,12,-500,-200,969,1,1,0,49401,205,20576,40.59
2200770,19985,-3.037,0.1933,-0.587,-643.86,-650,-6.14,-660691,0,1.036,-5.683,-499.7,-3498,1.73,0.39,12,-500,-200,969,1,1,0,48702,3838,20575,40.7
2200880,19986,-1.498,0.1451,-0.217,-644.79,-650,-5.21,-661231,0,1.0346,-5.725,-500.7,-3505,1.66,0.38,12,-500,-200,969,1,1,0,49084,2881,20546,40.81
2200990,19987,-1.53,0.0779,-0.119,-645.3,-650,-4.7,-661443,0,1.0313,-5.817,-501.9,-3513,1.59,0.36,12,-500,-200,969,1,1,0,49076,1548,20481,40.92
2201100,19988,-2.235,0.3897,-0.871,-645.3,-650,-4.7,-661298,0,1.0259,-5.97,-501.4,-3510,1.54,0.35,12,-500,-200,969,1,1,0,48901,7740,20373,41.03
2201210,19989,-1.212,0.1044,-0.127,-644.85,-650,-5.15,-660883,0,1.023,-6.053,-501.4,-3510,1.56,0.35,12,-500,-200,969,1,1,0,49155,2074,20315,41.14
2201320,19990,-0.197,0.013,-0.003,-644.62,-650,-5.38,-660794,0,1.0241,-6.021,-500.6,-3504,1.6,0.36,12,-500,-200,969,1,1,0,49407,259,20337,41.25
2201430,19991,-0.036,0.0042,0,-643.13,-650,-6.87,-659474,0,1.0288,-5.886,-499.9,-3499,1.65,0.38,12,-500,-200,969,1,1,0,49447,83,20432,41.36
2201540,19992,-2.28,0.1417,-0.323,-641.53,-650,-6.87,-658395,0,1.0314,-5.814,-498.6,-3490,1.72,0.39,12,-500,1000,969,2,1,0,48890,2814,20483,41.47
2201650,19993,-0.58,0.1525,-0.088,-639.96,-650,-6.87,-657380,0,1.0312,-5.821,-498.7,-3491,1.74,0.4,12,-500,1000,969,2,1,0,49312,3029,20478,41.58
2201760,19994,-2.505,0.01,-0.025,-638.22,-650,-6.87,-656206,0,1.0319,-5.8,-499,-3493,1.74,0.39,12,-500,1000,969,2,1,0,48834,198,20493,41.69
2201870,19995,-0.269,0.0249,-0.007,-629.09,-650,-6.87,-648189,0,1.0327,-5.777,-501.1,-3508,1.63,0.37,12,-500,1000,969,2,1,0,49389,494,20509,41.8
2201980,19996,-4.628,0.2758,-1.276,-590.45,-650,-6.87,-614775,0,1.0344,-5.73,-502.1,-3515,1.51,0.34,12,-500,1000,969,2,1,0,48307,5477,20542,41.91
2202090,19997,-1.611,0.172,-0.277,-562.84,-650,-6.87,-599864,0,1.0325,-5.783,-502.7,-3519,1.46,0.33,12,-500,1000,969,2,1,0,49056,3416,20505,42.02
2202200,19998,-1.708,0.3388,-0.579,-538.31,-650,-6.87,-584740,0,1.0315,-5.813,-502.4,-3517,1.45,0.33,12,-500,1000,969,2,1,0,49032,6728,20484,42.13
2202310,19999,-4.362,0.4031,-1.758,-514.17,-650,-6.87,-569122,0,1.027,-5.938,-502,-3514,1.48,0.33,12,-500,1000,969,2,1,0,48373,8005,20396,42.24
2202420,20000,-1.273,0.0874,-0.111,-472.72,-650,-6.87,-537276,0,1.022,-6.081,-502.1,-3515,1.49,0.33,12,-500,1000,969,2,1,0,49140,1735,20295,42.35
2202530,20001,-4.999,0.2723,-1.361,-443.31,-650,-6.87,-521479,0,1.022,-6.08,-501.7,-3512,1.49,0.33,12,-500,1000,969,2,1,0,48215,5408,20296,42.46
2202640,20002,-0.415,0.0172,-0.007,-418.7,-650,-6.87,-506787,0,1.0243,-6.016,-502,-3514,1.46,0.33,12,-500,1000,969,2,1,0,49353,342,20341,42.57
2202750,20003,-0.463,0.0408,-0.019,-396.54,-650,-6.87,-493027,0,1.0292,-5.877,-503,-3521,1.38,0.31,12,-500,1000,969,2,1,0,49341,811,20439,42.68
2202860,20004,-2.771,0.2834,-0.785,-360.82,-650,-6.87,-465975,0,1.032,-5.798,-503.7,-3526,1.28,0.29,12,-500,1000,969,2,1,0,48768,5628,20494,42.79
2202970,20005,0.004,0.002,0,-334.98,-650,-6.87,-451890,0,1.0318,-5.803,-504,-3528,1.22,0.27,12,-500,1000,969,2,1,0,49457,40,20491,42.9
2203080,20006,-4.064,0.3781,-1.537,-311.43,-650,-6.87,-437186,0,1.0329,-5.773,-503.9,-3527,1.2,0.26,12,-500,1000,969,2,1,0,48447,7509,20512,43.01
2203190,20007,-0.056,0.0438,-0.002,-288.75,-650,-6.87,-422656,0,1.0339,-5.744,-503.6,-3525,1.19,0.26,12,-500,1000,969,2,1,0,49442,869,20532,43.12
2203300,20008,-1.458,0.0514,-0.075,-266.28,-650,-6.87,-408076,0,1.0342,-5.736,-503.6,-3525,1.17,0.25,12,-500,1000,969,2,1,0,49094,1020,20538,43.23
2203410,20009,-1.164,0.0017,-0.002,-227.17,-650,-6.87,-377946,0,1.0346,-5.725,-503.4,-3524,1.15,0.25,12,-500,1000,969,2,1,0,49167,34,20546,43.34
2203520,20010,-4.318,0.406,-1.753,-199.05,-650,-6.87,-362684,0,1.0325,-5.783,-503.7,-3526,1.13,0.25,12,-500,1000,969,2,1,0,48384,8063,20505,43.45
2203630,20011,-2.578,0.2303,-0.594,-174.66,-650,-6.87,-347840,0,1.03,-5.854,-503.7,-3526,1.09,0.24,12,-500,1000,969,2,1,0,48816,4574,20455,43.56
2203740,20012,-0.004,0.0001,0,-152.36,-650,-6.87,-333897,0,1.0291,-5.879,-504,-3528,1.05,0.23,12,-500,1000,969,2,1,0,49455,2,20437,43.67
2203850,20013,-0.012,0.0001,0,-122.38,-650,-6.87,-312211,0,1.0316,-5.81,-504,-3528,1.03,0.22,12,-500,1000,0,2,1,0,49453,2,20486,43.78
2203960,20014,-0.004,0.0001,0,-101.39,-650,-6.87,-301055,0,1.0331,-5.767,-503.4,-3524,1.02,0.22,12,-500,1000,0,2,1,0,49455,2,20516,43.89
2204070,20015,-0.032,0.0002,0,-82.77,-650,-6.87,-289575,0,1.036,-5.685,-503.3,-3523,1,0.21,12,-500,1000,0,2,1,0,49448,3,20574,44
2204180,20016,-0.044,0.0011,0,-64.92,-650,-6.87,-278163,0,1.0408,-5.549,-503,-3521,0.98,0.21,12,-500,1000,0,2,1,0,49445,22,20670,44.11
2204290,20017,0.008,0.0001,0,-46.47,-650,-6.87,-265971,0,1.0487,-5.326,-502.4,-3517,0.99,0.21,12,-500,1000,0,2,1,0,49458,2,20827,44.22
2204400,20018,-0.064,0.0002,0,-21.54,-650,-6.87,-247925,0,1.0585,-5.05,-502,-3514,1,0.21,12,-500,1000,0,2,1,0,49440,4,21021,44.33
2204510,20019,-0.088,0.0015,0,-10.5,-650,-6.87,-244610,0,1.0685,-4.769,-501.4,-3510,1.04,0.22,12,-500,1000,0,2,1,0,49434,30,21219,44.44
2204620,20020,-0.004,0.0001,0,-6.04,-650,-6.87,-243539,0,1.0769,-4.53,-501.1,-3508,1.06,0.23,12,-500,1000,0,2,1,0,49455,2,21387,44.55
2204730,20021,0.004,0.0001,0,-4.26,-650,-6.87,-243129,0,1.0874,-4.235,-500.6,-3504,1.08,0.23,12,-500,1000,0,2,1,0,49457,2,21595,44.66
2204840,20022,0.029,0.0001,0,-2.23,-650,-6.87,-241730,0,1.0907,-4.141,-500.6,-3504,1.11,0.24,12,-500,1000,0,2,1,0,49463,2,21661,44.77
2204950,20023,0.012,0.0038,0,1.89,-650,-6.87,-238473,0,1.0933,-4.069,-499.7,-3498,1.12,0.24,12,-500,1000,0,2,1,0,49459,75,21712,44.88
2205060,20024,0.021,0.0001,0,13.48,-650,-6.87,-228824,0,1.096,-3.992,-499.6,-3497,1.13,0.25,12,-500,1000,0,2,1,0,49461,2,21766,44.99
2205170,20025,-0.04,0.0001,0,29.59,-650,-6.87,-217068,0,1.0964,-3.982,-499.6,-3497,1.15,0.25,12,-500,1000,0,2,1,0,49446,2,21773,45.1
2205280,20026,0.004,0.0044,0,59.18,-650,-6.87,-194025,0,1.0985,-3.921,-499.4,-3496,1.16,0.25,12,-500,1000,0,2,1,0,49457,87,21816,45.21
2205390,20027,0.029,0.0001,0,80.41,-650,-6.87,-182534,0,1.1006,-3.863,-494.9,-3464,1.18,0.26,12,0,1000,0,2,1,0,49463,2,21857,45.32
2205500,20028,-0.024,0.0002,0,98.16,-650,-6.87,-171933,0,1.1085,-3.641,-491.6,-3441,0,0,12,0,1000,0,2,1,0,49450,3,22013,45.43
2205610,20029,0.025,0.0001,0,113.1,-650,-6.87,-162982,0,1.123,-3.231,-475.7,-3330,0,0,12,0,1000,0,2,1,0,49462,2,22302,45.54
2205720,20030,-0.036,0.0001,0,122.7,-650,-6.87,-158226,0,1.1321,-2.975,-460.3,-3222,0,0,12,0,1000,0,2,1,0,49447,2,22482,45.65
2205830,20031,-0.012,0.0001,0,122.81,-650,-6.87,-160799,0,1.1397,-2.761,-442.9,-3100,0,0,12,0,1000,0,2,1,0,49453,2,22633,45.76
2205940,20032,-0.008,0.0001,0,125.99,-650,-6.87,-157874,0,1.1494,-2.487,-427,-2989,0,0,12,0,1000,0,2,1,0,49454,2,22826,45.87
2206050,20033,-0.076,0.0001,0,130.15,-650,-6.87,-154889,0,1.16,-2.187,-410.3,-2872,0,0,12,0,1000,0,2,1,0,49437,2,23037,45.98
2206160,20034,-0.028,0.0001,0,133.65,-650,-6.87,-152787,0,1.1712,-1.872,-394,-2758,0,0,12,0,1000,0,2,1,0,49449,2,23259,46.09
2206270,20035,-0.02,0.0001,0,135.65,-650,-6.87,-151903,0,1.1886,-1.381,-378.1,-2647,0,0,12,0,1000,0,2,1,0,49451,2,23605,46.2
2206380,20036,-0.032,0.0001,0,133.29,-650,-6.87,-154663,0,1.2009,-1.034,-360.9,-2526,0,0,12,0,1000,0,2,1,0,49448,2,23849,46.31
2206490,20037,-0.04,0.0001,0,127.07,-650,-6.87,-159793,0,1.2122,-0.716,-344.6,-2412,0,0,12,0,1000,0,2,1,0,49446,2,24073,46.42
2206600,20038,0.004,0.0002,0,122.74,-650,-6.87,-162085,0,1.2251,-0.353,-328.4,-2299,0,0,12,0,1000,0,2,1,0,49457,3,24329,46.53
2206710,20039,0.008,0.0001,0,121.86,-650,-6.87,-161697,0,1.2387,0.031,-312.1,-2185,0,0,12,0,1000,0,2,1,0,49458,2,24599,46.64
2206820,20040,-0.032,0.0001,0,119.97,-650,-6.87,-163208,0,1.2514,0.39,-298.6,-2090,0,0,12,0,1000,0,2,1,0,49448,2,24852,46.75
2206930,20041,-0.036,0.0002,0,116.14,-650,-6.87,-166245,0,1.2681,0.861,-280.6,-1964,0,0,12,0,1000,0,2,1,0,49447,3,25184,46.86
2207040,20042,0.012,0.0001,0,110.92,-650,-6.87,-170033,0,1.2853,1.346,-266.7,-1867,0,0,12,0,1000,0,2,1,0,49459,2,25525,46.97
2207150,20043,-0.036,0.0001,0,102.98,-650,-6.87,-175968,0,1.3069,1.955,-250.1,-1751,0,0,12,0,1000,0,2,1,0,49447,2,25954,47.08
2207260,20044,-0.06,0.0001,0,79.98,-650,-6.87,-195156,0,1.3263,2.501,-234.7,-1643,0,0,12,0,1000,0,2,1,0,49441,2,26339,47.19
2207370,20045,0,0.0001,0,57.75,-650,-6.87,-209434,0,1.3377,2.824,-218.4,-1529,0,0,12,0,1000,0,2,1,0,49456,2,26566,47.3
2207480,20046,-0.124,0.0001,0,41.7,-650,-6.87,-218161,0,1.355,3.312,-203.7,-1426,0,0,12,0,1000,0,2,1,0,49425,2,26910,47.41
2207590,20047,-0.096,0.0001,0,34.78,-650,-6.87,-220116,0,1.3651,3.595,-188,-1316,0,0,12,0,1000,0,2,1,0,49432,2,27109,47.52
2207700,20048,-0.04,0.0001,0,22.9,-650,-6.87,-229244,0,1.3742,3.853,-173.9,-1217,0,0,12,0,1000,0,2,1,0,49446,2,27291,47.63
2207810,20049,-0.06,0.0001,0,19.37,-650,-6.87,-229214,0,1.3844,4.139,-159.6,-1117,0,0,12,0,1000,0,2,1,0,49441,2,27492,47.74
2207920,20050,0.012,0.0001,0,19.21,-650,-6.87,-228377,0,1.3944,4.421,-144,-1008,0,0,12,0,1000,0,2,1,0,49459,2,27691,47.85
2208030,20051,-0.088,0.0001,0,20.12,-650,-6.87,-227483,0,1.4049,4.72,-127.9,-895,0,0,12,0,1000,0,2,1,0,49434,2,27901,47.96
2208140,20052,-0.052,0.0001,0,20.11,-650,-6.87,-227749,0,1.4158,5.026,-113,-791,0,0,12,0,1000,0,2,1,0,49443,2,28117,48.07
2208250,20053,0.041,0.0001,0,21.15,-650,-6.87,-226781,0,1.4261,5.316,-100.1,-701,0,0,12,0,1000,0,2,1,0,49466,2,28321,48.18
2208360,20054,-0.068,0.0001,0,21.7,-650,-6.87,-226552,0,1.4366,5.613,-86,-602,0,0,12,0,1000,0,2,1,0,49439,2,28530,48.29
2208470,20055,0.012,0.0001,0,22.49,-650,-6.87,-225977,0,1.448,5.934,-46.6,-326,0,0,12,0,1000,0,2,1,0,49459,2,28756,48.4
2208580,20056,-0.088,0.0001,0,22.94,-650,-6.87,-225775,0,1.4587,6.235,-43.9,-307,0,0,12,0,1000,0,2,1,0,49434,2,28968,48.51
2208690,20057,-0.056,0.0001,0,23.05,-650,-6.87,-225802,0,1.4703,6.563,-21.6,-151,0,0,12,0,1000,0,2,1,0,49442,2,29199,48.62
2208800,20058,0.004,0.0001,0,22.86,-650,-6.87,-226010,0,1.4817,6.885,-14.9,-104,0,0,12,0,1000,0,2,1,0,49457,2,29426,48.73
2208910,20059,-0.02,0.0002,0,22.82,-650,-6.87,-225990,0,1.4937,7.222,0,0,0,0,12,0,1000,0,2,1,0,49451,3,29663,48.84
2209020,20060,0,0.0001,0,23.01,-650,-6.87,-225802,0,1.5035,7.5,0,0,0,0,12,0,1000,0,2,1,0,49456,2,29859,48.95
2209130,20061,-0.056,0.0001,0,22.67,-650,-6.87,-226174,0,1.5165,7.865,0,0,0,0,12,0,1000,0,2,1,0,49442,2,30116,49.06
2209240,20062,0.017,0.0001,0,22.8,-650,-6.87,-225961,0,1.5286,8.207,0,0,0,0,12,0,1000,0,2,1,0,49460,2,30357,49.17
2209350,20063,-0.024,0.0002,0,22.73,-650,-6.87,-226057,0,1.5385,8.485,0,0,0,0,12,0,1000,0,2,1,0,49450,3,30553,49.28
2209460,20064,-0.044,0.0001,0,22.51,-650,-6.87,-226242,0,1.5514,8.85,0,0,0,0,12,0,1000,0,2,1,0,49445,2,30810,49.39
2209570,20065,-0.008,0.0002,0,22.48,-650,-6.87,-226207,0,1.5613,9.129,0,0,0,0,12,0,1000,0,2,1,0,49454,3,31006,49.5
2209680,20066,-0.04,0.0001,0,22.57,-650,-6.87,-226115,0,1.5711,9.404,0,0,0,0,12,0,1000,0,2,1,0,49446,2,31200,49.61
2209790,20067,-0.024,0.0001,0,23.13,-650,-6.87,-225625,0,1.585,9.797,0,0,0,0,12,0,1000,0,2,1,0,49450,2,31477,49.72
2209900,20068,0.012,0.0001,0,23.62,-650,-6.87,-225321,0,1.5959,10.106,0,0,0,0,12,0,1000,0,2,1,0,49459,2,31694,49.83
2210010,20069,0.093,0.0001,0,23.4,-650,-6.87,-225662,0,1.6076,10.435,0,0,0,0,12,0,1000,0,2,1,0,49479,2,31926,49.94
2210120,20070,-0.016,0.0001,0,23.03,-650,-6.87,-225952,0,1.6193,10.763,0,0,0,0,12,0,1000,0,2,1,0,49452,2,32157,50.05
2210230,20071,0.045,0.0001,0,22.89,-650,-6.87,-225970,0,1.6314,11.107,0,0,0,0,12,0,1000,0,2,1,0,49467,2,32399,50.16
2210340,20072,0.049,0.0001,0,22.73,-650,-6.87,-226089,0,1.6408,11.369,0,0,0,0,12,0,1000,0,2,1,0,49468,2,32584,50.27
2210450,20073,-0.012,0.0001,0,22.29,-650,-6.87,-226449,0,1.653,11.714,0,0,0,0,12,0,1000,0,2,1,0,49453,2,32827,50.38
2210560,20074,0.012,0.0001,0,21.93,-650,-6.87,-226664,0,1.664,12.025,0,0,0,0,12,0,1000,0,2,1,0,49459,2,33046,50.49
2210670,20075,0.017,0.0001,0,20.85,-650,-6.87,-227560,0,1.6737,12.3,0,0,0,0,12,0,1000,0,2,1,0,49460,2,33239,50.6
2210780,20076,-0.032,0.0002,0,20.99,-650,-6.87,-227139,0,1.6847,12.608,0,0,0,0,12,0,1000,0,2,1,0,49448,3,33456,50.71
2210890,20077,-0.012,0.0001,0,21.63,-650,-6.87,-226578,0,1.6969,12.953,0,0,0,0,12,0,1000,0,2,1,0,49453,2,33699,50.82
2211000,20078,-0.04,0.0001,0,22.12,-650,-6.87,-226301,0,1.7093,13.302,0,0,0,0,12,0,1000,0,2,1,0,49446,2,33945,50.93
2211110,20079,-0.012,0.0001,0,21.91,-650,-6.87,-226631,0,1.72,13.605,0,0,0,0,12,0,1000,0,2,1,0,49453,2,34158,51.04
2211220,20080,-0.032,0.0002,0,21.35,-650,-6.87,-227097,0,1.7292,13.863,0,0,0,0,12,0,1000,0,2,1,0,49448,3,34340,51.15
2211330,20081,-0.036,0.0001,0,21.77,-650,-6.87,-226551,0,1.7396,14.155,0,0,0,0,12,0,1000,0,2,1,0,49447,2,34546,51.26
2211440,20082,-0.032,0.0001,0,23.72,-650,-6.87,-224850,0,1.7493,14.431,0,0,0,0,12,0,1000,0,2,1,0,49448,2,34740,51.37
2211550,20083,-0.052,0.0001,0,24.12,-650,-6.87,-225020,0,1.7621,14.79,0,0,0,0,12,0,1000,0,2,1,0,49443,2,34993,51.48
2211660,20084,-0.056,0.0002,0,24.12,-650,-6.87,-225131,0,1.7713,15.05,0,0,0,0,12,0,1000,0,2,1,0,49442,4,35176,51.59
2211770,20085,-0.056,0.0001,0,23.87,-650,-6.87,-225364,0,1.7827,15.371,0,0,0,0,12,0,1000,0,2,1,0,49442,2,35402,51.7
2211880,20086,0.004,0.0002,0,23.81,-650,-6.87,-225349,0,1.7937,15.682,0,0,0,0,12,0,1000,0,2,1,0,49457,3,35621,51.81
2211990,20087,0.029,0.0001,0,24.07,-650,-6.87,-225090,0,1.804,15.973,0,0,0,0,12,0,1000,0,2,1,0,49463,2,35826,51.92
2212100,20088,0.029,0.0001,0,25.88,-650,-6.87,-223479,0,1.8144,16.266,0,0,0,0,12,0,1000,0,2,1,0,49463,2,36032,52.03
2212210,20089,0.037,0.0001,0,26.79,-650,-6.87,-223141,0,1.8252,16.571,0,0,0,0,12,0,1000,0,2,1,0,49465,2,36247,52.14
2212320,20090,-0.04,0.0002,0,26.15,-650,-6.87,-223991,0,1.8362,16.882,0,0,0,0,12,0,1000,0,2,1,0,49446,3,36466,52.25
2212430,20091,-0.04,0.0001,0,25.73,-650,-6.87,-224203,0,1.8461,17.16,0,0,0,0,12,0,1000,0,2,1,0,49446,2,36662,52.36
2212540,20092,-0.072,0.0002,0,25.42,-650,-6.87,-224373,0,1.8569,17.466,0,0,0,0,12,0,1000,0,2,1,0,49438,3,36877,52.47
2212650,20093,-0.06,0.0001,0,25.19,-650,-6.87,-224500,0,1.8692,17.811,0,0,0,0,12,0,1000,0,2,1,0,49441,2,37120,52.58
2212761,20094,0.008,0.0001,0,25.13,-650,-6.87,-224490,0,1.8776,18.049,0,0,0,0,12,0,0,0,0,1,0,49458,2,37288,52.691
2212870,20095,0.012,0.0001,0,24.87,-650,-6.87,-224721,0,1.88,18.116,0,0,0,0,12,0,0,0,0,1,0,49459,2,37335,52.8
2212980,20096,-0.044,0.0002,0,24.84,-650,-6.87,-224669,0,1.8799,18.114,0,0,0,0,12,0,0,0,0,1,0,49445,3,37334,52.91
2213090,20097,-0.044,0.0002,0,23.04,-650,-6.87,-226339,0,1.8802,18.122,0,0,0,0,12,0,0,0,0,1,0,49445,4,37339,53.02
2213200,20098,-0.004,0.0001,0,22.21,-650,-6.87,-226610,0,1.8801,18.119,0,0,0,0,12,0,0,0,0,1,0,49455,2,37337,53.13
2213310,20099,-0.036,0.0001,0,21.78,-650,-6.87,-226778,0,1.8805,18.13,0,0,0,0,12,0,0,0,0,1,0,49447,2,37345,53.24
2213420,20100,0.045,0.0002,0,21.43,-650,-6.87,-226980,0,1.8809,18.14,0,0,0,0,12,0,0,0,0,1,0,49467,4,37352,53.35
2213530,20101,-0.028,0.0001,0,21.09,-650,-6.87,-227203,0,1.8809,18.141,0,0,0,0,12,0,0,0,0,1,0,49449,2,37353,53.46
2213640,20102,0.021,0.0002,0,21,-650,-6.87,-227195,0,1.8805,18.131,0,0,0,0,12,0,0,0,0,1,0,49461,4,37346,53.57
2213750,20103,0.053,0.0002,0,20.95,-650,-6.87,-227210,0,1.8805,18.13,0,0,0,0,12,0,0,0,0,1,0,49469,3,37345,53.68
2213860,20104,0,0.0001,0,20.91,-650,-6.87,-227235,0,1.8806,18.133,0,0,0,0,12,0,0,0,0,1,0,49456,2,37347,53.79
2213970,20105,0.053,0.0001,0,20.95,-650,-6.87,-227184,0,1.8806,18.133,0,0,0,0,12,0,0,0,0,1,0,49469,2,37347,53.9
2214080,20106,-0.028,0.0001,0,20.99,-650,-6.87,-227166,0,1.8809,18.14,0,0,0,0,12,0,0,0,0,1,0,49449,2,37352,54.01
2214190,20107,0.008,0.0001,0,20.94,-650,-6.87,-227218,0,1.8806,18.134,0,0,0,0,12,0,0,0,0,1,0,49458,2,37348,54.12
2214300,20108,-0.016,0.0002,0,20.93,-650,-6.87,-227215,0,1.8809,18.14,0,0,0,0,12,0,0,0,0,1,0,49452,3,37352,54.23
2214410,20109,0.008,0.0001,0,20.93,-650,-6.87,-227214,0,1.8806,18.133,0,0,0,0,12,0,0,0,0,1,0,49458,2,37347,54.34
2214520,20110,-0.068,0.0001,0,20.9,-650,-6.87,-227242,0,1.8812,18.149,0,0,0,0,12,0,0,0,0,1,0,49439,2,37358,54.45
2214630,20111,-0.024,0.0001,0,20.84,-650,-6.87,-227286,0,1.8805,18.13,0,0,0,0,12,0,0,0,0,1,0,49450,2,37345,54.56
2214740,20112,-0.068,0.0002,0,20.83,-650,-6.87,-227279,0,1.8803,18.126,0,0,0,0,12,0,0,0,0,1,0,49439,4,37342,54.67
2214850,20113,-0.036,0.0002,0,20.87,-650,-6.87,-227238,0,1.8804,18.127,0,0,0,0,12,0,0,0,0,1,0,49447,3,37343,54.78
2214960,20114,0,0.0001,0,20.84,-650,-6.87,-227282,0,1.8805,18.131,0,0,0,0,12,0,0,0,0,1,0,49456,2,37346,54.89
2215070,20115,-0.056,0.0002,0,20.82,-650,-6.87,-227286,0,1.8802,18.123,0,0,0,0,12,0,0,0,0,1,0,49442,4,37340,55
2215180,20116,-0.06,0.0001,0,20.79,-650,-6.87,-227313,0,1.8806,18.133,0,0,0,0,12,0,0,0,0,1,0,49441,2,37347,55.11
2215290,20117,0,0.0001,0,20.75,-650,-6.87,-227344,0,1.8805,18.13,0,0,0,0,12,0,0,0,0,1,0,49456,2,37345,55.22
2215400,20118,-0.024,0.0001,0,20.79,-650,-6.87,-227288,0,1.8809,18.14,0,0,0,0,12,0,0,0,0,1,0,49450,2,37352,55.33
2215510,20119,0.012,0.0001,0,20.79,-650,-6.87,-227303,0,1.8803,18.126,0,0,0,0,12,0,0,0,0,1,0,49459,2,37342,55.44
2215620,20120,0.012,0.0002,0,20.76,-650,-6.87,-227332,0,1.8807,18.136,0,0,0,0,12,0,0,0,0,1,0,49459,3,37349,55.55
2215730,20121,0.008,0.0001,0,20.82,-650,-6.87,-227265,0,1.8805,18.13,0,0,0,0,12,0,0,0,0,1,0,49458,2,37345,55.66
2215840,20122,-0.032,0.0001,0,20.83,-650,-6.87,-227274,0,1.8803,18.126,0,0,0,0,12,0,0,0,0,1,0,49448,2,37342,55.77
2215950,20123,-0.036,0.0002,0,20.8,-650,-6.87,-227307,0,1.8809,18.141,0,0,0,0,12,0,0,0,0,1,0,49447,3,37353,55.88
2216060,20124,-0.04,0.0001,0,20.8,-650,-6.87,-227293,0,1.8803,18.124,0,0,0,0,12,0,0,0,0,1,0,49446,2,37341,55.99
2216170,20125,0.004,0.0001,0,20.79,-650,-6.87,-227303,0,1.881,18.144,0,0,0,0,12,0,0,0,0,1,0,49457,2,37355,56.1
2216280,20126,-0.032,0.0001,0,20.81,-650,-6.87,-227282,0,1.8807,18.136,0,0,0,0,12,0,0,0,0,1,0,49448,2,37349,56.21
2216390,20127,-0.012,0.0001,0,20.76,-650,-6.87,-227340,0,1.8807,18.136,0,0,0,0,12,0,0,0,0,1,0,49453,2,37349,56.32
2216500,20128,0.004,0.0001,0,20.71,-650,-6.87,-227368,0,1.8801,18.12,0,0,0,0,12,0,0,0,0,1,0,49457,2,37338,56.43
2216610,20129,-0.06,0.0001,0,20.77,-650,-6.87,-227297,0,1.8808,18.137,0,0,0,0,12,0,0,0,0,1,0,49441,2,37350,56.54
2216720,20130,0.025,0.0001,0,20.85,-650,-6.87,-227243,0,1.8807,18.136,0,0,0,0,12,0,0,0,0,1,0,49462,2,37349,56.65
2216830,20131,-0.044,0.0002,0,20.82,-650,-6.87,-227295,0,1.8811,18.147,0,0,0,0,12,0,0,0,0,1,0,49445,3,37357,56.76
2216940,20132,-0.024,0.0001,0,20.63,-650,-6.87,-227456,0,1.8806,18.134,0,0,0,0,12,0,0,0,0,1,0,49450,2,37348,56.87
2217050,20133,-0.096,0.0002,0,20.66,-650,-6.87,-227384,0,1.881,18.143,0,0,0,0,12,0,0,0,0,1,0,49432,3,37354,56.98
2217160,20134,-0.044,0.0001,0,20.64,-650,-6.87,-227402,0,1.8808,18.137,0,0,0,0,12,0,0,0,0,1,0,49445,2,37350,57.09
2217270,20135,-0.076,0.0001,0,20.58,-650,-6.87,-227462,0,1.8808,18.139,0,0,0,0,12,0,0,0,0,1,0,49437,2,37351,57.2
2217380,20136,-0.052,0.0002,0,20.63,-650,-6.87,-227391,0,1.8807,18.136,0,0,0,0,12,0,0,0,0,1,0,49443,3,37349,57.31
2217490,20137,-0.04,0.0002,0,20.57,-650,-6.87,-227459,0,1.8805,18.131,0,0,0,0,12,0,0,0,0,1,0,49446,4,37346,57.42
2217600,20138,-0.052,0.0002,0,20.53,-650,-6.87,-227483,0,1.8813,18.153,0,0,0,0,12,0,0,0,0,1,0,49443,3,37361,57.53
2217710,20139,-0.064,0.0001,0,20.54,-650,-6.87,-227462,0,1.8808,18.137,0,0,0,0,12,0,0,0,0,1,0,49440,2,37350,57.64
2217820,20140,0.012,0.0001,0,20.52,-650,-6.87,-227485,0,1.8812,18.149,0,0,0,0,12,0,0,0,0,1,0,49459,2,37358,57.75
2217930,20141,0.008,0.0001,0,20.61,-650,-6.87,-227392,0,1.8812,18.15,0,0,0,0,12,0,0,0,0,1,0,49458,2,37359,57.86
2218040,20142,0,0.0001,0,20.64,-650,-6.87,-227394,0,1.8813,18.153,0,0,0,0,12,0,0,0,0,1,0,49456,2,37361,57.97
2218150,20143,-0.048,0.0001,0,20.62,-650,-6.87,-227419,0,1.8814,18.156,0,0,0,0,12,0,0,0,0,1,0,49444,2,37363,58.08
2218260,20144,-0.052,0.0001,0,20.56,-650,-6.87,-227472,0,1.8811,18.147,0,0,0,0,12,0,0,0,0,1,0,49443,2,37357,58.19
2218370,20145,0.073,0.0001,0,20.6,-650,-6.87,-227416,0,1.8811,18.147,0,0,0,0,12,0,0,0,0,1,0,49474,2,37357,58.3
2218480,20146,0.025,0.0001,0,20.56,-650,-6.87,-227462,0,1.8814,18.156,0,0,0,0,12,0,0,0,0,1,0,49462,2,37363,58.41
2218590,20147,-0.048,0.0001,0,20.55,-650,-6.87,-227463,0,1.8811,18.146,0,0,0,0,12,0,0,0,0,1,0,49444,2,37356,58.52
2218700,20148,-0.024,0.0001,0,20.48,-650,-6.87,-227522,0,1.8813,18.153,0,0,0,0,12,0,0,0,0,1,0,49450,2,37361,58.63
2218810,20149,0,0.0001,0,20.45,-650,-6.87,-227531,0,1.8809,18.14,0,0,0,0,12,0,0,0,0,1,0,49456,2,37352,58.74
2218920,20150,-0.096,0.0001,0,20.42,-650,-6.87,-227551,0,1.8815,18.157,0,0,0,0,12,0,0,0,0,1,0,49432,2,37364,58.85
2219030,20151,-0.04,0.0002,0,20.46,-650,-6.87,-227512,0,1.8811,18.146,0,0,0,0,12,0,0,0,0,1,0,49446,3,37356,58.96
2219140,20152,-0.004,0.0002,0,20.39,-650,-6.87,-227580,0,1.8814,18.154,0,0,0,0,12,0,0,0,0,1,0,49455,3,37362,59.07
2219250,20153,-0.036,0.0001,0,20.34,-650,-6.87,-227613,0,1.8813,18.153,0,0,0,0,12,0,0,0,0,1,0,49447,2,37361,59.18
2219360,20154,-0.048,0.0001,0,20.41,-650,-6.87,-227533,0,1.8813,18.153,0,0,0,0,12,0,0,0,0,1,0,49444,2,37361,59.29
2219470,20155,-0.044,0.0001,0,20.37,-650,-6.87,-227588,0,1.8808,18.137,0,0,0,0,12,0,0,0,0,1,0,49445,2,37350,59.4
2219580,20156,-0.072,0.0001,0,20.32,-650,-6.87,-227625,0,1.8814,18.154,0,0,0,0,12,0,0,0,0,1,0,49438,2,37362,59.51
2219690,20157,-0.032,0.0001,0,20.27,-650,-6.87,-227657,0,1.8815,18.157,0,0,0,0,12,0,0,0,0,1,0,49448,2,37364,59.62
2219800,20158,-0.056,0.0001,0,20.28,-650,-6.87,-227628,0,1.8814,18.154,0,0,0,0,12,0,0,0,0,1,0,49442,2,37362,59.73
2219910,20159,-0.02,0.0001,0,20.26,-650,-6.87,-227653,0,1.8812,18.149,0,0,0,0,12,0,0,0,0,1,0,49451,2,37358,59.84
2220020,20160,-0.052,0.0002,0,20.28,-650,-6.87,-227626,0,1.8812,18.149,0,0,0,0,12,0,0,0,0,1,0,49443,3,37358,59.95
2220130,20161,-0.048,0.0001,0,20.32,-650,-6.87,-227601,0,1.8811,18.147,0,0,0,0,12,0,0,0,0,1,0,49444,2,37357,60.06
2220240,20162,-0.072,0.0001,0,20.33,-650,-6.87,-227602,0,1.881,18.144,0,0,0,0,12,0,0,0,0,1,0,49438,2,37355,60.17
2220350,20163,-0.004,0.0002,0,20.26,-650,-6.87,-227669,0,1.8811,18.147,0,0,0,0,12,0,0,0,0,1,0,49455,3,37357,60.28
2220460,20164,-0.064,0.0001,0,20.24,-650,-6.87,-227670,0,1.8813,18.151,0,0,0,0,12,0,0,0,0,1,0,49440,2,37360,60.39
2220570,20165,-0.04,0.0001,0,20.17,-650,-6.87,-227726,0,1.8814,18.154,0,0,0,0,12,0,0,0,0,1,0,49446,2,37362,60.5
2220680,20166,-0.032,0.0001,0,20.14,-650,-6.87,-227732,0,1.8812,18.149,0,0,0,0,12,0,0,0,0,1,0,49448,2,37358,60.61
2220790,20167,-0.1,0.0001,0,20.21,-650,-6.87,-227661,0,1.8811,18.146,0,0,0,0,12,0,0,0,0,1,0,49431,2,37356,60.72
2220900,20168,-0.008,0.0001,0,20.2,-650,-6.87,-227693,0,1.8812,18.149,0,0,0,0,12,0,0,0,0,1,0,49454,2,37358,60.83
2221010,20169,-0.076,0.0001,0,20.05,-650,-6.87,-227826,0,1.8811,18.146,0,0,0,0,12,0,0,0,0,1,0,49437,2,37356,60.94
2221120,20170,-0.068,0.0002,0,20.03,-650,-6.87,-227808,0,1.8811,18.146,0,0,0,0,12,0,0,0,0,1,0,49439,3,37356,61.05
2221230,20171,-0.024,0.0002,0,19.97,-650,-6.87,-227852,0,1.8808,18.137,0,0,0,0,12,0,0,0,0,1,0,49450,3,37350,61.16
2221340,20172,0.029,0.0001,0,19.96,-650,-6.87,-227849,0,1.8815,18.158,0,0,0,0,12,0,0,0,0,1,0,49463,2,37365,61.27
2221450,20173,-0.044,0.0001,0,20.07,-650,-6.87,-227739,0,1.8815,18.157,0,0,0,0,12,0,0,0,0,1,0,49445,2,37364,61.38
2221560,20174,0.093,0.0002,0,20.02,-650,-6.87,-227823,0,1.8814,18.156,0,0,0,0,12,0,0,0,0,1,0,49479,3,37363,61.49
2221670,20175,-0.016,0.0001,0,19.93,-650,-6.87,-227886,0,1.8807,18.136,0,0,0,0,12,0,0,0,0,1,0,49452,2,37349,61.6
2221780,20176,-0.02,0.0001,0,19.92,-650,-6.87,-227875,0,1.8812,18.15,0,0,0,0,12,0,0,0,0,1,0,49451,2,37359,61.71
2221890,20177,-0.076,0.0001,0,19.91,-650,-6.87,-227875,0,1.8812,18.15,0,0,0,0,12,0,0,0,0,1,0,49437,2,37359,61.82
2222000,20178,-0.02,0.0001,0,19.96,-650,-6.87,-227828,0,1.881,18.144,0,0,0,0,12,0,0,0,0,1,0,49451,2,37355,61.93
2222110,20179,0.025,0.0001,0,19.96,-650,-6.87,-227844,0,1.8809,18.14,0,0,0,0,12,0,0,0,0,1,0,49462,2,37352,62.04
2222220,20180,-0.04,0.0001,0,19.96,-650,-6.87,-227840,0,1.8813,18.151,0,0,0,0,12,0,0,0,0,1,0,49446,2,37360,62.15
2222330,20181,0.025,0.0001,0,19.94,-650,-6.87,-227860,0,1.8813,18.153,0,0,0,0,12,0,0,0,0,1,0,49462,2,37361,62.26
2222440,20182,-0.012,0.0001,0,19.91,-650,-6.87,-227885,0,1.8813,18.153,0,0,0,0,12,0,0,0,0,1,0,49453,2,37361,62.37
2222550,20183,-0.028,0.0001,0,19.9,-650,-6.87,-227888,0,1.8808,18.139,0,0,0,0,12,0,0,0,0,1,0,49449,2,37351,62.48
2222660,20184,-0.04,0.0001,0,19.85,-650,-6.87,-227925,0,1.882,18.173,0,0,0,0,12,0,0,0,0,1,0,49446,2,37375,62.59
2222770,20185,0.008,0.0001,0,19.8,-650,-6.87,-227967,0,1.8811,18.146,0,0,0,0,12,0,0,0,0,1,0,49458,2,37356,62.7
2222880,20186,-0.056,0.0001,0,19.75,-650,-6.87,-227998,0,1.8818,18.167,0,0,0,0,12,0,0,0,0,1,0,49442,2,37371,62.81
2222990,20187,0.025,0.0001,0,19.75,-650,-6.87,-227983,0,1.8814,18.156,0,0,0,0,12,0,0,0,0,1,0,49462,2,37363,62.92
2223100,20188,0.008,0.0001,0,19.8,-650,-6.87,-227934,0,1.8819,18.17,0,0,0,0,12,0,0,0,0,1,0,49458,2,37373,63.03
2223210,20189,-0.008,0.0001,0,19.78,-650,-6.87,-227962,0,1.8815,18.157,0,0,0,0,12,0,0,0,0,1,0,49454,2,37364,63.14
2223320,20190,-0.024,0.0001,0,19.77,-650,-6.87,-227971,0,1.8821,18.176,0,0,0,0,12,0,0,0,0,1,0,49450,2,37377,63.25
2223430,20191,0.012,0.0001,0,19.77,-650,-6.87,-227969,0,1.8817,18.164,0,0,0,0,12,0,0,0,0,1,0,49459,2,37369,63.36
2223540,20192,-0.024,0.0002,0,19.71,-650,-6.87,-228025,0,1.8814,18.154,0,0,0,0,12,0,0,0,0,1,0,49450,3,37362,63.47
2223650,20193,-0.02,0.0002,0,19.73,-650,-6.87,-227992,0,1.8816,18.16,0,0,0,0,12,0,0,0,0,1,0,49451,4,37366,63.58
2223760,20194,0.041,0.0001,0,19.81,-650,-6.87,-227916,0,1.8817,18.163,0,0,0,0,12,0,0,0,0,1,0,49466,2,37368,63.69
2223870,20195,0.017,0.0001,0,19.81,-650,-6.87,-227943,0,1.8817,18.164,0,0,0,0,12,0,0,0,0,1,0,49460,2,37369,63.8
2223980,20196,-0.032,0.0001,0,19.82,-650,-6.87,-227936,0,1.8817,18.164,0,0,0,0,12,0,0,0,0,1,0,49448,2,37369,63.91
2224090,20197,-0.04,0.0001,0,19.77,-650,-6.87,-227984,0,1.8813,18.151,0,0,0,0,12,0,0,0,0,1,0,49446,2,37360,64.02
2224200,20198,-0.064,0.0001,0,19.67,-650,-6.87,-228062,0,1.8814,18.154,0,0,0,0,12,0,0,0,0,1,0,49440,2,37362,64.13
2224310,20199,-0.012,0.0001,0,19.64,-650,-6.87,-228057,0,1.8817,18.164,0,0,0,0,12,0,0,0,0,1,0,49453,2,37369,64.24
2224420,20200,-0.084,0.0002,0,19.65,-650,-6.87,-228047,0,1.8815,18.158,0,0,0,0,12,0,0,0,0,1,0,49435,4,37365,64.35
2224530,20201,-0.056,0.0002,0,19.66,-650,-6.87,-228038,0,1.8818,18.166,0,0,0,0,12,0,0,0,0,1,0,49442,4,37370,64.46
2224640,20202,-0.112,0.0002,0,19.6,-650,-6.87,-228098,0,1.8813,18.151,0,0,0,0,12,0,0,0,0,1,0,49428,3,37360,64.57
2224750,20203,-0.012,0.0001,0,19.59,-650,-6.87,-228085,0,1.8818,18.167,0,0,0,0,12,0,0,0,0,1,0,49453,2,37371,64.68
2224860,20204,-0.02,0.0001,0,19.62,-650,-6.87,-228062,0,1.8817,18.163,0,0,0,0,12,0,0,0,0,1,0,49451,2,37368,64.79
2224970,20205,-0.036,0.0001,0,19.62,-650,-6.87,-228060,0,1.8815,18.157,0,0,0,0,12,0,0,0,0,1,0,49447,2,37364,64.9
2225080,20206,-0.044,0.0002,0,19.55,-650,-6.87,-228132,0,1.8817,18.163,0,0,0,0,12,0,0,0,0,1,0,49445,4,37368,65.01
2225190,20207,-0.052,0.0001,0,19.5,-650,-6.87,-228155,0,1.8818,18.167,0,0,0,0,12,0,0,0,0,1,0,49443,2,37371,65.12
2225300,20208,-0.012,0.0001,0,19.5,-650,-6.87,-228142,0,1.8816,18.161,0,0,0,0,12,0,0,0,0,1,0,49453,2,37367,65.23
2225410,20209,-0.08,0.0001,0,19.52,-650,-6.87,-228124,0,1.8814,18.154,0,0,0,0,12,0,0,0,0,1,0,49436,2,37362,65.34
2225520,20210,0.012,0.0001,0,19.51,-650,-6.87,-228138,0,1.8814,18.156,0,0,0,0,12,0,0,0,0,1,0,49459,2,37363,65.45
2225630,20211,-0.024,0.0001,0,19.5,-650,-6.87,-228150,0,1.8819,18.168,0,0,0,0,12,0,0,0,0,1,0,49450,2,37372,65.56
2225740,20212,0.029,0.0001,0,19.45,-650,-6.87,-228186,0,1.8819,18.17,0,0,0,0,12,0,0,0,0,1,0,49463,2,37373,65.67
2225850,20213,-0.072,0.0001,0,19.41,-650,-6.87,-228212,0,1.882,18.171,0,0,0,0,12,0,0,0,0,1,0,49438,2,37374,65.78
2225960,20214,-0.036,0.0001,0,19.41,-650,-6.87,-228200,0,1.8817,18.164,0,0,0,0,12,0,0,0,0,1,0,49447,2,37369,65.89
2226070,20215,-0.004,0.0001,0,19.35,-650,-6.87,-228256,0,1.8818,18.166,0,0,0,0,12,0,0,0,0,1,0,49455,2,37370,66
2226180,20216,-0.016,0.0001,0,19.35,-650,-6.87,-228244,0,1.8814,18.154,0,0,0,0,12,0,0,0,0,1,0,49452,2,37362,66.11
2226290,20217,-0.032,0.0001,0,19.39,-650,-6.87,-228208,0,1.8813,18.151,0,0,0,0,12,0,0,0,0,1,0,49448,2,37360,66.22
2226400,20218,0,0.0001,0,19.37,-650,-6.87,-228236,0,1.8815,18.158,0,0,0,0,12,0,0,0,0,1,0,49456,2,37365,66.33
2226510,20219,-0.02,0.0001,0,19.3,-650,-6.87,-228292,0,1.8815,18.157,0,0,0,0,12,0,0,0,0,1,0,49451,2,37364,66.44
2226620,20220,-0.024,0.0001,0,19.27,-650,-6.87,-228303,0,1.8818,18.166,0,0,0,0,12,0,0,0,0,1,0,49450,2,37370,66.55
2226730,20221,0.037,0.0001,0,19.25,-650,-6.87,-228308,0,1.8814,18.156,0,0,0,0,12,0,0,0,0,1,0,49465,2,37363,66.66
2226840,20222,-0.008,0.0001,0,19.29,-650,-6.87,-228266,0,1.8815,18.158,0,0,0,0,12,0,0,0,0,1,0,49454,2,37365,66.77
2226950,20223,0,0.0001,0,19.24,-650,-6.87,-228324,0,1.8816,18.16,0,0,0,0,12,0,0,0,0,1,0,49456,2,37366,66.88
2227060,20224,-0.092,0.0001,0,19.22,-650,-6.87,-228330,0,1.8815,18.158,0,0,0,0,12,0,0,0,0,1,0,49433,2,37365,66.99
2227170,20225,0.037,0.0001,0,19.19,-650,-6.87,-228356,0,1.8813,18.151,0,0,0,0,12,0,0,0,0,1,0,49465,2,37360,67.1
2227280,20226,0.004,0.0001,0,19.17,-650,-6.87,-228364,0,1.8816,18.16,0,0,0,0,12,0,0,0,0,1,0,49457,2,37366,67.21
2227390,20227,-0.06,0.0001,0,19.18,-650,-6.87,-228351,0,1.8819,18.17,0,0,0,0,12,0,0,0,0,1,0,49441,2,37373,67.32
2227500,20228,-0.048,0.0001,0,19.22,-650,-6.87,-228315,0,1.8821,18.174,0,0,0,0,12,0,0,0,0,1,0,49444,2,37376,67.43
2227610,20229,-0.008,0.0001,0,19.2,-650,-6.87,-228340,0,1.8816,18.16,0,0,0,0,12,0,0,0,0,1,0,49454,2,37366,67.54
2227720,20230,-0.076,0.0001,0,19.21,-650,-6.87,-228330,0,1.8816,18.16,0,0,0,0,12,0,0,0,0,1,0,49437,2,37366,67.65
2227830,20231,-0.012,0.0002,0,19.21,-650,-6.87,-228332,0,1.8815,18.158,0,0,0,0,12,0,0,0,0,1,0,49453,4,37365,67.76
2227940,20232,-0.076,0.0002,0,19.19,-650,-6.87,-228349,0,1.8815,18.158,0,0,0,0,12,0,0,0,0,1,0,49437,3,37365,67.87
2228050,20233,-0.008,0.0001,0,19.24,-650,-6.87,-228296,0,1.8816,18.16,0,0,0,0,12,0,0,0,0,1,0,49454,2,37366,67.98
2228160,20234,-0.024,0.0001,0,19.23,-650,-6.87,-228326,0,1.8817,18.164,0,0,0,0,12,0,0,0,0,1,0,49450,2,37369,68.09
2228270,20235,0.004,0.0001,0,19.18,-650,-6.87,-228367,0,1.8821,18.176,0,0,0,0,12,0,0,0,0,1,0,49457,2,37377,68.2
2228380,20236,-0.004,0.0001,0,19.14,-650,-6.87,-228388,0,1.8816,18.161,0,0,0,0,12,0,0,0,0,1,0,49455,2,37367,68.31
2228490,20237,-0.06,0.0001,0,19.11,-650,-6.87,-228409,0,1.8819,18.168,0,0,0,0,12,0,0,0,0,1,0,49441,2,37372,68.42
2228600,20238,0.025,0.0001,0,19.14,-650,-6.87,-228368,0,1.8813,18.151,0,0,0,0,12,0,0,0,0,1,0,49462,2,37360,68.53
2228710,20239,-0.04,0.0001,0,19.13,-650,-6.87,-228386,0,1.8816,18.16,0,0,0,0,12,0,0,0,0,1,0,49446,2,37366,68.64
2228820,20240,0.061,0.0001,0,19.14,-650,-6.87,-228377,0,1.8814,18.154,0,0,0,0,12,0,0,0,0,1,0,49471,2,37362,68.75
2228930,20241,0.012,0.0001,0,19.14,-650,-6.87,-228382,0,1.8816,18.16,0,0,0,0,12,0,0,0,0,1,0,49459,2,37366,68.86
2229040,20242,-0.08,0.0002,0,19.07,-650,-6.87,-228441,0,1.8814,18.156,0,0,0,0,12,0,0,0,0,1,0,49436,3,37363,68.97
2229150,20243,-0.092,0.0001,0,19.06,-650,-6.87,-228434,0,1.8818,18.166,0,0,0,0,12,0,0,0,0,1,0,49433,2,37370,69.08
2229260,20244,0.021,0.0001,0,19.14,-650,-6.87,-228352,0,1.8821,18.176,0,0,0,0,12,0,0,0,0,1,0,49461,2,37377,69.19
2229370,20245,-0.004,0.0001,0,19.19,-650,-6.87,-228329,0,1.8818,18.166,0,0,0,0,12,0,0,0,0,1,0,49455,2,37370,69.3
2229480,20246,-0.024,0.0002,0,19.11,-650,-6.87,-228421,0,1.8809,18.141,0,0,0,0,12,0,0,0,0,1,0,49450,3,37353,69.41
2229590,20247,-0.02,0.0001,0,19.1,-650,-6.87,-228411,0,1.8818,18.167,0,0,0,0,12,0,0,0,0,1,0,49451,2,37371,69.52
2229700,20248,-0.032,0.0001,0,19.08,-650,-6.87,-228418,0,1.8816,18.161,0,0,0,0,12,0,0,0,0,1,0,49448,2,37367,69.63
2229810,20249,-0.076,0.0001,0,19.04,-650,-6.87,-228456,0,1.8816,18.161,0,0,0,0,12,0,0,0,0,1,0,49437,2,37367,69.74
2229920,20250,-0.028,0.0001,0,19.02,-650,-6.87,-228466,0,1.8815,18.158,0,0,0,0,12,0,0,0,0,1,0,49449,2,37365,69.85
2230030,20251,-0.032,0.0001,0,18.95,-650,-6.87,-228522,0,1.8819,18.168,0,0,0,0,12,0,0,0,0,1,0,49448,2,37372,69.96
2230140,20252,-0.06,0.0002,0,18.94,-650,-6.87,-228510,0,1.8818,18.167,0,0,0,0,12,0,0,0,0,1,0,49441,3,37371,70.07
2230250,20253,-0.072,0.0002,0,18.93,-650,-6.87,-228516,0,1.8815,18.158,0,0,0,0,12,0,0,0,0,1,0,49438,3,37365,70.18
2230360,20254,-0.016,0.0001,0,18.91,-650,-6.87,-228533,0,1.8813,18.151,0,0,0,0,12,0,0,0,0,1,0,49452,2,37360,70.29
2230470,20255,-0.032,0.0001,0,18.85,-650,-6.87,-228586,0,1.8813,18.153,0,0,0,0,12,0,0,0,0,1,0,49448,2,37361,70.4
2230580,20256,-0.008,0.0002,0,18.81,-650,-6.87,-228605,0,1.8816,18.161,0,0,0,0,12,0,0,0,0,1,0,49454,3,37367,70.51
2230690,20257,-0.08,0.0001,0,18.87,-650,-6.87,-228537,0,1.8821,18.174,0,0,0,0,12,0,0,0,0,1,0,49436,2,37376,70.62
2230800,20258,-0.052,0.0001,0,18.87,-650,-6.87,-228555,0,1.8817,18.164,0,0,0,0,12,0,0,0,0,1,0,49443,2,37369,70.73
2230910,20259,-0.008,0.0001,0,18.89,-650,-6.87,-228532,0,1.882,18.171,0,0,0,0,12,0,0,0,0,1,0,49454,2,37374,70.84
2231020,20260,-0.04,0.0001,0,18.89,-650,-6.87,-228545,0,1.882,18.173,0,0,0,0,12,0,0,0,0,1,0,49446,2,37375,70.95
2231130,20261,-0.08,0.0002,0,18.85,-650,-6.87,-228575,0,1.8815,18.158,0,0,0,0,12,0,0,0,0,1,0,49436,4,37365,71.06
2231240,20262,-0.036,0.0002,0,18.81,-650,-6.87,-228605,0,1.8815,18.158,0,0,0,0,12,0,0,0,0,1,0,49447,3,37365,71.17
2231350,20263,-0.012,0.0002,0,18.84,-650,-6.87,-228568,0,1.8818,18.166,0,0,0,0,12,0,0,0,0,1,0,49453,3,37370,71.28
2231460,20264,0.021,0.0002,0,18.91,-650,-6.87,-228507,0,1.8817,18.163,0,0,0,0,12,0,0,0,0,1,0,49461,4,37368,71.39
2231570,20265,-0.048,0.0002,0,18.93,-650,-6.87,-228506,0,1.8814,18.156,0,0,0,0,12,0,0,0,0,1,0,49444,3,37363,71.5
2231680,20266,-0.008,0.0002,0,18.94,-650,-6.87,-228508,0,1.8816,18.16,0,0,0,0,12,0,0,0,0,1,0,49454,3,37366,71.61
2231790,20267,0.008,0.0001,0,18.93,-650,-6.87,-228517,0,1.8825,18.185,0,0,0,0,12,0,0,0,0,1,0,49458,2,37384,71.72
2231900,20268,0.049,0.0001,0,18.85,-650,-6.87,-228586,0,1.8822,18.178,0,0,0,0,12,0,0,0,0,1,0,49468,2,37379,71.83
2232010,20269,-0.024,0.0002,0,18.78,-650,-6.87,-228629,0,1.8819,18.17,0,0,0,0,12,0,0,0,0,1,0,49450,3,37373,71.94
2232120,20270,-0.056,0.0002,0,18.84,-650,-6.87,-228562,0,1.8821,18.176,0,0,0,0,12.1,0,0,0,0,1,0,49442,3,37377,72.05
2232230,20271,0,0.0001,0,18.9,-650,-6.87,-228515,0,1.8823,18.18,0,0,0,0,12,0,0,0,0,1,0,49456,2,37380,72.16
2232340,20272,-0.048,0.0001,0,18.86,-650,-6.87,-228568,0,1.8821,18.176,0,0,0,0,12,0,0,0,0,1,0,49444,2,37377,72.27
2232450,20273,-0.008,0.0001,0,18.8,-650,-6.87,-228615,0,1.8822,18.177,0,0,0,0,12,0,0,0,0,1,0,49454,2,37378,72.38
2232560,20274,-0.004,0.0001,0,18.78,-650,-6.87,-228616,0,1.8823,18.18,0,0,0,0,12,0,0,0,0,1,0,49455,2,37380,72.49
2232670,20275,0.021,0.0001,0,18.74,-650,-6.87,-228655,0,1.8822,18.177,0,0,0,0,12,0,0,0,0,1,0,49461,2,37378,72.6
2232780,20276,-0.024,0.0001,0,18.68,-650,-6.87,-228696,0,1.8821,18.176,0,0,0,0,12,0,0,0,0,1,0,49450,2,37377,72.71
2232890,20277,0.021,0.0002,0,18.82,-650,-6.87,-228544,0,1.8817,18.164,0,0,0,0,12,0,0,0,0,1,0,49461,3,37369,72.82